"Region, subregion, country or area *",Year,"Total Population, as of 1 January (thousands)","Total Population, as of 1 July (thousands)","Male Population, as of 1 July (thousands)","Female Population, as of 1 July (thousands)","Population Density, as of 1 July (persons per square km)","Population Sex Ratio, as of 1 July (males per 100 females)","Median Age, as of 1 July (years)","Natural Change, Births minus Deaths (thousands)","Rate of Natural Change (per 1,000 population)",Population Change (thousands),Population Growth Rate (percentage),Population Annual Doubling Time (years),Births (thousands),Births by women aged 15 to 19 (thousands),"Crude Birth Rate (births per 1,000 population)",Total Fertility Rate (live births per woman),Net Reproduction Rate (surviving daughters per woman),Mean Age Childbearing (years),Sex Ratio at Birth (males per 100 female births),Total Deaths (thousands),Male Deaths (thousands),Female Deaths (thousands),"Crude Death Rate (deaths per 1,000 population)","Life Expectancy at Birth, both sexes (years)",Male Life Expectancy at Birth (years),Female Life Expectancy at Birth (years),"Life Expectancy at Age 15, both sexes (years)",Male Life Expectancy at Age 15 (years),Female Life Expectancy at Age 15 (years),"Life Expectancy at Age 65, both sexes (years)",Male Life Expectancy at Age 65 (years),Female Life Expectancy at Age 65 (years),"Life Expectancy at Age 80, both sexes (years)",Male Life Expectancy at Age 80 (years),Female Life Expectancy at Age 80 (years),"Infant Deaths, under age 1 (thousands)","Infant Mortality Rate (infant deaths per 1,000 live births)",Live Births Surviving to Age 1 (thousands),"Under-Five Deaths, under age 5 (thousands)","Under-Five Mortality (deaths under age 5 per 1,000 live births)","Mortality before Age 40, both sexes (deaths under age 40 per 1,000 live births)","Male Mortality before Age 40 (deaths under age 40 per 1,000 male live births)","Female Mortality before Age 40 (deaths under age 40 per 1,000 female live births)","Mortality before Age 60, both sexes (deaths under age 60 per 1,000 live births)","Male Mortality before Age 60 (deaths under age 60 per 1,000 male live births)","Female Mortality before Age 60 (deaths under age 60 per 1,000 female live births)","Mortality between Age 15 and 50, both sexes (deaths under age 50 per 1,000 alive at age 15)","Male Mortality between Age 15 and 50 (deaths under age 50 per 1,000 males alive at age 15)","Female Mortality between Age 15 and 50 (deaths under age 50 per 1,000 females alive at age 15)","Mortality between Age 15 and 60, both sexes (deaths under age 60 per 1,000 alive at age 15)","Male Mortality between Age 15 and 60 (deaths under age 60 per 1,000 males alive at age 15)","Female Mortality between Age 15 and 60 (deaths under age 60 per 1,000 females alive at age 15)",Net Number of Migrants (thousands),"Net Migration Rate (per 1,000 population)"
Burundi,2022,12715.87,12889.576,6400.926,6488.65,496.708,98.648,15.766,345.407,26.798,347.413,2.695,25.72,439.648,36.863,34.109,4.98,2.173,30.652,102.5,94.241,49.766,44.475,7.311,61.977,60.077,63.868,51.826,50.124,53.49,12.485,11.735,13.102,5.34,4.916,5.623,15.97,36.349,426.016,22.214,50.91,166.399,182.37,150.184,331.866,366.298,297.211,163.181,182.724,143.684,276.224,309.539,243.136,2,0.155
Comoros,2022,829.245,836.774,420.357,416.416,449.636,100.946,20.261,17.056,20.359,15.057,1.799,38.53,24.201,2.278,28.887,3.912,1.752,30.571,103.2,7.145,3.951,3.194,8.528,63.68,61.522,66.061,53.218,51.254,55.392,11.892,10.881,12.902,5.043,4.621,5.404,1.102,45.518,23.3,1.414,58.495,125.469,139.304,111.407,290.539,328.808,248.587,119.095,136.8,100.769,238.316,275.396,197.783,-2,-2.387
Djibouti,2022,1113.147,1120.849,556.264,564.584,48.354,98.526,23.98,14.508,12.949,15.403,1.374,50.447,24.549,1.282,21.911,2.757,1.213,31.267,103.7,10.041,5.502,4.539,8.962,62.859,60.336,65.503,52.556,50.369,54.814,12.582,11.693,13.402,5.332,4.867,5.699,0.896,36.506,23.785,1.259,51.42,154.618,177.798,130.599,314.525,360.036,267.514,151.01,177.793,123.833,260.358,303.327,216.771,0.9,0.803
Eritrea,2022,3652.541,3684.032,1817.878,1866.154,30.41,97.413,18.413,80.139,21.699,62.981,1.71,40.535,104.981,14.125,28.426,3.786,1.726,29.434,103.2,24.842,13.039,11.803,6.727,66.604,64.457,68.678,55.098,53.246,56.839,13.531,12.696,14.221,5.819,5.39,6.13,2.995,28.578,102.355,3.902,37.586,116.183,133.152,98.759,252.652,288.303,218.526,116.961,135.452,98.922,211.465,244.289,180.807,-17.152,-4.644
Ethiopia,2022,121822.59,123379.924,61980.175,61399.749,123.38,100.945,18.647,3126.668,25.338,3114.669,2.525,27.451,3928.445,449.97,31.835,4.063,1.832,29.537,105.5,801.777,464.262,337.516,6.497,65.645,62.613,68.903,54.556,51.974,57.287,13.23,12.208,14.205,5.6,5.083,6.03,125.119,31.889,3819.98,169.472,43.724,125.427,153.693,95.49,265.953,318.315,210.908,123.195,154.357,90.956,220.092,268.213,170.578,-11.999,-0.097
Kenya,2022,53499.879,54027.487,26777.549,27249.938,93.034,98.266,19.382,1065.212,19.71,1055.216,1.953,35.491,1488.394,193.338,27.54,3.296,1.501,28.454,102.2,423.182,229.463,193.719,7.83,62.055,59.579,64.686,49.971,47.513,52.578,13.247,11.964,14.358,6.776,5.912,7.308,41.515,27.971,1451.833,56.764,38.593,145.86,160.757,130.809,386.174,436.775,332.531,206.505,236.993,174.715,356.201,407.928,301.538,-10,-0.185
Madagascar,2022,29260.083,29611.714,14836.218,14775.496,50.897,100.411,19.125,704.757,23.796,703.262,2.375,29.185,906.13,185.478,30.595,3.791,1.714,27.945,103.9,201.373,111.923,89.451,6.799,65.23,62.97,67.617,54.27,52.344,56.284,13.107,12.288,13.887,5.577,5.14,5.945,29.471,32.585,880.625,40.137,44.852,127.973,147.786,107.427,273.228,311.952,232.73,125.218,146.971,102.933,225.952,261.605,189.181,-1.5,-0.051
Malawi,2022,20146.243,20405.317,9924.861,10480.456,215.811,94.699,16.983,524.146,25.677,518.147,2.539,27.3,665.678,144.336,32.611,3.849,1.777,27.917,101.4,141.532,76.592,64.941,6.934,62.898,59.58,66.326,50.814,47.51,54.213,12.646,10.869,14.221,6.234,4.982,7.017,18.275,27.51,649.567,25.062,38.158,130.19,152.081,110.198,355.492,423.184,289.046,180.872,222.274,139.884,324.476,393.686,256.969,-6,-0.294
Mauritius,2022,1299.134,1299.469,640.751,658.717,640.133,97.273,37.142,0.675,0.52,0.67,0.052,...,13.266,1.104,10.21,1.393,0.669,28.887,103.5,12.591,6.874,5.717,9.69,73.975,70.963,77.128,60.261,57.315,63.336,16.3,14.784,17.638,7.626,6.956,8.068,0.178,13.391,13.11,0.211,15.828,45.564,57.555,33.133,160.314,205.926,112.175,67.532,90.137,43.899,145.437,190.48,98.032,0,0
Mayotte,2022,321.205,326.101,154.456,171.644,869.601,89.986,16.607,9.787,30.006,9.791,3.003,23.082,10.754,0.905,32.972,4.367,2.126,29.941,102.6,0.967,0.585,0.382,2.966,75.049,71.861,78.522,60.489,57.314,63.948,16.043,14.247,18.025,7.165,6.273,7.965,0.04,3.739,10.719,0.049,4.555,30.884,43.172,21.327,138.867,183.496,96.076,57.879,81.381,38.3,133.604,178.124,90.978,0,0
Mozambique,2022,32518.418,32969.518,16176.217,16793.302,41.926,96.325,16.903,907.197,27.51,902.201,2.737,25.325,1191.147,296.515,36.121,4.561,2.024,28.12,102,283.95,153.802,130.147,8.611,59.625,56.529,62.688,49.715,46.742,52.61,10.966,9.908,11.734,4.532,4.138,4.815,62.78,52.807,1141.329,81.963,69.627,166.137,192.669,139.517,379.546,449.933,309.048,179.992,224.634,136.091,324.724,397.263,253.029,-5,-0.152
Réunion,2022,970.131,974.052,469.868,504.183,389.621,93.194,34.04,8.469,8.693,7.841,0.805,86.105,13.969,0.853,14.337,2.224,1.086,29.876,103,5.5,3.008,2.491,5.644,82.612,79.739,85.4,68.195,65.301,71.003,21.05,19.152,22.772,10.502,9.575,11.145,0.066,4.749,13.912,0.093,6.609,13.267,16.039,10.795,64.109,90.099,39.863,19.674,28.89,11.673,57.394,83.575,32.97,-0.63,-0.647
Rwanda,2022,13618.383,13776.698,6741.039,7035.658,569.05,95.812,19.192,325.632,23.627,316.629,2.298,30.163,406.214,24.746,29.474,3.749,1.731,30.675,102.6,80.582,41.623,38.959,5.847,67.129,64.813,69.244,55.196,53.024,57.135,13.703,12.766,14.384,6.114,5.794,6.296,11.488,28.295,396.133,15.342,38.036,100.527,115.033,86.102,256.575,299.275,217.398,116.035,138.908,94.652,221.503,263.376,183.685,-8.999,-0.653
Seychelles,2022,106.887,107.118,56.395,50.724,234.395,111.181,32.798,0.662,6.181,0.463,0.432,...,1.611,0.18,15.031,2.313,1.11,27.764,103.6,0.949,0.553,0.396,8.85,71.738,68.237,76.042,57.885,54.401,62.173,14.593,12.329,16.936,6.651,5.196,7.487,0.018,11.413,1.595,0.022,13.447,53.852,64.611,40.408,184.104,235.339,123.047,82.832,107.389,52.124,170.678,221.889,109.645,-0.2,-1.865
Somalia,2022,17329.992,17597.511,8822.442,8775.069,28.051,100.54,15.226,565.041,32.074,535.038,3.041,22.793,759.044,109.399,43.086,6.202,2.521,29.275,104.4,194.003,104.208,89.795,11.012,56.107,54.072,58.233,49.133,47.217,51.111,11.31,10.559,11.994,4.823,4.466,5.099,49.962,66.165,720.51,77.158,104.462,231.209,250.681,210.984,418.43,458.657,376.937,196.708,222.696,170.08,330.986,372.855,288.418,-30,-1.703
South Sudan,2022,10829.532,10913.164,5404.538,5508.626,19.344,98.11,16.405,197.957,18.112,167.263,1.533,45.215,315.39,64.662,28.857,4.337,1.729,29.613,103.5,117.433,59.912,57.52,10.745,55.567,54.036,57.047,48.619,47.109,50.051,11.66,11.036,12.142,4.994,4.604,5.228,19.112,60.708,300.399,29.69,94.759,252.03,265.609,238.151,430.048,459.957,401.178,218.328,238.272,198.909,341.951,373.919,311.495,-30.694,-2.808
Uganda,2022,46584.197,47249.585,23401.332,23848.253,236.476,98.126,16.122,1449.618,30.636,1330.776,2.817,24.606,1713.605,296.867,36.215,4.468,2.041,28.733,102.9,263.987,140.982,123.005,5.579,63.638,61.486,65.703,51.813,49.784,53.729,11.719,11.008,12.245,4.761,4.516,4.907,52.03,30.416,1668.269,69.702,41.244,123.743,139.337,108.125,314.328,361.175,268.775,154.928,181.44,128.84,278.903,325.655,233.908,-118.846,-2.512
United Republic of Tanzania,2022,64539.598,65497.748,32370.931,33126.817,73.942,97.718,16.903,1956.292,29.852,1916.3,2.926,23.689,2346.821,443.246,35.811,4.661,2.146,28.752,103,390.529,210.628,179.9,5.959,66.782,64.72,68.93,55.178,53.22,57.208,13.35,12.062,14.613,6.211,5.258,6.982,74.487,31.821,2282.224,98.315,42.501,97.33,107.292,87.847,254.956,285.757,223.344,105.052,119.975,90.268,215.88,245.878,185.269,-39.997,-0.61
Zambia,2022,19745.738,20017.675,9877.642,10140.033,26.928,97.412,17.087,548.867,27.411,543.874,2.717,25.511,683.355,130.376,34.127,4.242,1.928,28.491,101.1,134.488,73.154,61.335,6.716,61.803,59.058,64.51,50.887,48.287,53.418,11.475,10.313,12.328,4.925,4.356,5.27,26.007,38.151,661.373,36.305,53.906,140.016,160.296,119.483,345.583,403.965,287.093,162.122,196.001,127.744,300.703,359.558,242.378,-5,-0.25
Zimbabwe,2022,16152.942,16320.537,7705.601,8614.935,42.188,89.445,18.236,345.195,21.143,335.19,2.054,33.746,491.195,85.38,30.086,3.437,1.533,27.927,102.4,146,75.369,70.631,8.943,59.391,56.428,62.094,48.3,45.389,50.908,12.098,10.74,13.19,5.912,5.092,6.474,18.378,37.421,475.65,26.013,53.182,174.159,197.345,154.263,422.065,486.961,365.883,226.274,269.632,189.764,382.439,449.363,325.386,-9.999,-0.612
Angola,2022,35049.572,35588.987,17590.767,17998.22,28.547,97.736,16.238,1079.824,30.337,1078.83,3.032,22.861,1359.723,253.89,38.2,5.209,2.306,28.855,102.7,279.899,152.181,127.718,7.863,61.929,59.351,64.541,52.268,49.924,54.605,12.37,11.448,13.157,5.465,5.065,5.727,65.41,48.208,1306.749,92.72,69.261,154.924,175.879,133.794,332.41,383.841,281.249,150.306,180.61,120.478,272.705,323.663,222.861,-1,-0.028
Cameroon,2022,27552.212,27914.536,13922.522,13992.014,59.896,99.503,17.551,729.448,26.127,724.649,2.596,26.701,959.096,161.978,34.352,4.383,1.934,28.379,103,229.648,121.29,108.358,8.225,60.958,59.392,62.556,50.947,49.656,52.248,11.886,11.328,12.389,5.298,5.093,5.46,43.826,45.751,923.258,62.549,65.862,158.826,171.237,146.223,356.758,386.857,326.051,167.184,182.257,152.03,302.082,330.334,273.611,-4.8,-0.172
Central African Republic,2022,5500.295,5579.144,2788.352,2790.791,8.956,99.913,14.705,175.153,31.341,157.697,2.827,24.519,236.643,54.09,42.344,5.918,2.445,28.823,103.3,61.49,33.428,28.062,11.003,54.477,52.258,56.829,46.265,44.216,48.428,11.306,10.383,12.303,5.545,4.912,6.141,15.978,67.698,224.799,22.401,96.883,243.768,265.361,221.282,485.09,530.609,440.49,258.783,289.407,227.144,418.106,465.188,372.802,-17.463,-3.125
Chad,2022,17449.262,17723.315,8896.002,8827.313,14.075,100.778,15.058,550.105,31.027,548.105,3.093,22.41,765.648,128.29,43.184,6.215,2.415,29.363,104.2,215.543,114.897,100.647,12.157,52.997,51.3,54.769,46.661,45.129,48.242,10.921,10.319,11.475,4.629,4.292,4.899,49.809,65.466,727.088,76.177,102.71,281.046,297.832,263.642,475.549,509.485,440.384,247.268,269.315,224.776,383.467,418.778,347.439,-2,-0.113
Congo,2022,5902.552,5970.424,2981.8,2988.624,17.483,99.772,18.262,136.736,22.9,135.744,2.274,30.481,180.175,31.075,30.175,4.095,1.845,28.844,102.6,43.439,22.927,20.512,7.275,63.053,61.513,64.617,51.873,50.519,53.235,12.414,11.571,13.181,5.514,5.207,5.744,6.614,36.697,174.567,8.935,49.751,136.887,145.454,128.18,329.506,355.098,303.779,159.938,170.727,149.074,287.427,311.581,263.389,-1,-0.167
Democratic Republic of the Congo,2022,97413.858,99010.212,49118.035,49892.177,43.674,98.448,15.556,3207.705,32.385,3192.708,3.225,21.493,4133.987,554.017,41.737,6.106,2.614,29.935,102.3,926.282,500.472,425.81,9.352,59.743,57.516,62.05,51.064,49.151,53.02,12.015,11.223,12.744,5.106,4.69,5.426,205.747,50,3965.786,302.238,75.178,190.857,211.791,169.499,360.534,401.118,318.951,170.428,194.393,146.352,289.185,328.119,249.974,-14.999,-0.151
Equatorial Guinea,2022,1655.207,1674.908,883.926,790.982,59.712,111.75,20.821,35.395,21.157,39.402,2.353,29.458,49.964,9.911,29.865,4.17,1.84,28.038,103.1,14.569,8.154,6.415,8.708,61.19,59.432,63.261,51.566,50.085,53.358,11.71,10.984,12.389,5.008,4.704,5.241,2.688,53.785,47.845,3.57,71.677,153.801,167.438,138.266,342.828,374.825,302.207,152.018,168.015,130.357,283.145,313.243,244.169,4,2.391
Gabon,2022,2365.207,2388.992,1215.505,1173.488,9.272,103.58,21.666,46.569,19.496,47.571,1.991,34.814,64.022,9.889,26.803,3.46,1.606,28.465,102.1,17.453,9.958,7.496,7.307,65.694,63.361,68.359,53.838,51.677,56.323,12.874,11.956,13.8,5.846,5.538,6.118,1.885,29.465,62.375,2.539,39.75,103.781,119.846,86.55,279.297,324.194,228.032,122.978,147.367,95.551,243.633,287.564,193.488,1,0.419
Sao Tome and Principe,2022,225.155,227.38,113.407,113.972,236.854,99.504,18.553,5.041,22.136,4.449,1.957,35.419,6.37,1.021,27.974,3.751,1.772,28.74,102.7,1.329,0.752,0.578,5.838,68.794,66.054,71.938,55.173,52.472,58.274,13.903,12.3,15.537,6.369,5.658,6.838,0.08,12.589,6.3,0.096,15.215,78.427,89.367,67.51,240.917,285.699,191.45,115.612,136.798,93.303,224.997,269.71,175.669,-0.6,-2.635
Algeria,2022,44543.592,44903.225,22862.237,22040.987,18.853,103.726,28.015,729.261,16.243,719.266,1.602,43.268,923.648,18.468,20.572,2.829,1.342,31.337,104.6,194.387,103.969,90.417,4.329,77.129,75.853,78.457,63.904,62.756,65.093,17.473,16.848,18.075,7.505,7.289,7.684,15.423,16.646,910.05,18.567,19.853,41.491,46.321,36.401,99.266,114.342,83.302,38.562,44.63,32.151,78.036,91.602,63.708,-9.999,-0.223
Egypt,2022,110132.806,110990.103,56124.592,54865.512,111.497,102.295,24.064,1744.592,15.717,1714.594,1.545,44.864,2453.941,209.498,22.107,2.878,1.368,27.74,105.4,709.349,382.589,326.76,6.39,70.159,67.869,72.557,56.604,54.362,58.942,12.322,11.06,13.412,5.253,4.604,5.648,39.322,16.016,2419.232,46.613,18.951,38.45,44.602,31.955,175.872,217.503,131.521,52.193,66.635,36.831,158.607,199.952,114.676,-29.998,-0.27
Libya,2022,6774.698,6812.341,3447.062,3365.279,4.064,102.43,26.508,77.285,11.344,75.286,1.105,62.728,117.846,2.189,17.298,2.402,1.136,31.807,105.7,40.561,22.902,17.659,5.954,72.151,69.736,74.759,58.134,55.763,60.692,14.461,12.996,15.906,6.284,5.629,6.85,1.077,9.12,116.912,1.312,11.026,47.659,56.768,38.051,170.502,203.896,135.749,72.495,87.654,56.531,158.774,191.749,124.549,-2,-0.294
Morocco,2022,37264.469,37457.971,18852.368,18605.603,83.93,101.326,28.984,427.012,11.395,387.003,1.033,67.1,643.109,38.021,17.161,2.299,1.095,30.26,104.7,216.097,120.766,95.331,5.766,74.973,72.896,77.177,61.434,59.492,63.488,15.724,14.403,17.037,6.716,6.031,7.238,9.272,14.402,634.624,10.889,16.845,38.551,43.72,33.172,119.019,141.26,96.26,42.048,48.317,35.661,101.435,121.984,80.565,-39.998,-1.067
Sudan,2022,46261.499,46874.204,23420.005,23454.198,26.557,99.854,18.48,1235.414,26.35,1225.41,2.614,26.517,1548.473,181.371,33.027,4.384,1.966,29.597,104.1,313.059,175.197,137.862,6.677,65.578,63.048,68.184,55.127,52.946,57.33,13.48,12.6,14.339,5.712,5.261,6.119,57.982,37.496,1499.138,81.055,52.887,131.033,153.242,107.709,262.827,305.726,220.537,118.099,142.269,92.86,209.481,249.215,171.315,-9.999,-0.213
Tunisia,2022,12308.697,12356.117,6098.372,6257.745,79.496,97.453,32.026,98.841,7.999,94.84,0.768,90.254,192.759,2.777,15.6,2.064,0.98,30.981,105.2,93.918,53.525,40.392,7.601,74.263,71.367,77.408,60.671,57.816,63.765,15.35,13.546,17.211,6.523,5.646,7.222,2.617,13.537,190.468,3.128,16.013,42.937,53.248,32.714,126.011,160.813,91.201,49.241,65.491,33.295,108.969,143.233,74.869,-4,-0.324
Western Sahara,2022,570.311,575.986,317.891,258.094,2.165,123.168,31.272,5.746,10.026,11.349,1.97,35.185,9.356,0.69,16.325,2.275,1.064,30.045,105.1,3.61,2.196,1.414,6.299,70.976,69.319,73.097,58.343,56.981,60.151,14.148,13.372,15.044,5.915,5.631,6.229,0.222,23.712,9.159,0.268,28.516,63.207,72.102,53.172,175.423,197.901,144.208,65.354,73.035,54.857,147.2,166.245,119.572,5.6,9.77
Botswana,2022,2607.583,2630.296,1298.807,1331.489,4.641,97.545,23.638,42.423,16.139,45.426,1.727,40.136,60.554,5.922,23.036,2.754,1.261,28.477,103.2,18.131,9.668,8.463,6.897,65.913,63.328,68.399,54.41,51.947,56.739,14.066,12.986,14.874,6.84,6.231,7.223,2.008,33.1,58.829,2.683,44.065,116.706,133.094,99.928,287.823,335.854,240.861,134.822,161.609,107.973,248.815,296.6,202.615,3,1.141
Eswatini,2022,1197.454,1201.67,596.167,605.504,69.209,98.458,21.619,14.164,11.759,8.433,0.702,98.739,28.476,4.239,23.642,2.785,1.238,27.983,103,14.312,8.108,6.204,11.883,56.36,52.647,60.599,44.971,41.266,49.192,10.921,9.491,11.984,5.177,4.717,5.497,1.119,39.165,27.54,1.508,52.541,198.805,234.26,160.167,498.063,590.428,391.965,285.044,351.987,206.845,464.596,561.016,354.554,-5.733,-4.76
Lesotho,2022,2294.313,2305.825,1137.496,1168.329,75.949,97.361,22.19,27.021,11.709,23.025,0.999,69.384,59.49,10.329,25.778,2.98,1.257,27.851,102.8,32.469,17.194,15.275,14.069,53.036,50.319,55.923,43.925,41.455,46.531,11.244,9.855,12.29,5.944,5.03,6.497,4.116,69.014,56.474,5.308,89.069,253.077,280.51,224.044,544.608,600.044,484.502,311.143,352.524,264.995,492.034,549.165,430.905,-4,-1.733
Namibia,2022,2549.182,2567.012,1238.563,1328.449,3.118,93.234,21.398,39.726,15.464,35.661,1.389,49.903,69.157,7.703,26.921,3.248,1.47,29.123,101.1,29.431,15.859,13.573,11.457,58.059,54.592,61.704,46.009,42.516,49.669,10.751,8.909,12.234,5.111,4.019,5.736,2.062,29.772,67.362,2.873,41.508,171.144,199.194,143.593,463.502,546.662,379.158,255.11,310.999,199.36,435.067,521.268,348.105,-4.061,-1.581
South Africa,2022,59646.8,59893.885,29168.006,30725.879,49.061,94.93,27.352,435.683,7.278,494.171,0.825,84.018,1155.858,145.8,19.31,2.341,1.07,27.634,104,720.175,354.597,365.578,12.032,61.48,58.597,64.181,49.149,46.349,51.732,11.972,10.329,13.024,6.24,5.317,6.698,32.562,28.082,1127.365,43.251,36.936,142.195,165.251,118.049,388.519,443.405,335.074,199.346,230.881,166.404,361.061,416.314,307.784,58.496,0.977
Benin,2022,13174.363,13352.864,6689.295,6663.569,118.418,100.386,17.527,357.203,26.748,357.002,2.674,25.922,481.715,62.62,36.071,4.895,2.061,29.145,104.1,124.512,65.672,58.84,9.323,59.954,58.265,61.676,51.826,50.407,53.243,12.4,11.757,12.963,5.287,4.914,5.56,26.146,54.396,460.723,39.152,82.504,193.982,208.236,179.176,352.458,381.668,322.706,162.656,178.243,146.93,274.401,301.966,246.828,-0.2,-0.015
Burkina Faso,2022,22388.008,22673.762,11299.155,11374.607,82.872,99.337,16.724,596.507,26.29,571.508,2.521,27.495,793.031,133.798,34.952,4.665,1.983,28.853,104.1,196.524,101.475,95.049,8.662,59.766,57.953,61.505,50.982,49.275,52.578,11.197,10.444,11.765,4.289,3.994,4.471,37.542,47.42,762.151,62.093,79.384,181.497,192.427,170.295,349.366,388.272,311.843,158.714,177.501,140.149,278.503,318.367,240.675,-24.998,-1.102
Cabo Verde,2022,590.503,593.149,294.911,298.239,147.183,98.884,26.961,6.548,11.027,5.293,0.892,77.707,9.908,1.411,16.686,1.879,0.906,27.639,103.3,3.36,1.799,1.561,5.659,74.722,70.29,79.011,60.908,56.511,65.142,16.449,13.661,18.436,6.826,5.264,7.684,0.113,11.38,9.809,0.134,13.504,41.392,53.304,28.591,148.137,208.325,84.551,61.095,87.817,31.414,134.241,194.151,71.117,-1.256,-2.115
Côte d'Ivoire,2022,27810.491,28160.542,14215.57,13944.972,88.555,101.94,17.752,694.104,24.649,700.103,2.486,27.882,943.133,160.223,33.492,4.342,1.878,28.9,103,249.029,134.756,114.273,8.843,58.916,57.686,60.282,49.426,48.717,50.256,12.102,11.354,12.995,5.877,5.278,6.487,53.457,56.758,901.482,70.617,75.624,184.946,194.276,175.446,405.821,419.513,391.237,200.093,202.234,197.835,348.231,356.528,339.232,6,0.213
Gambia,2022,2672.89,2705.992,1346.335,1359.657,267.391,99.02,16.986,69.208,25.559,66.204,2.447,28.326,88.535,9.102,32.696,4.586,2.021,30.413,103.2,19.327,10.168,9.158,7.137,62.906,61.481,64.344,52.069,50.822,53.31,12.205,11.609,12.792,5.159,4.851,5.424,2.476,27.994,86.361,3.838,43.891,148.789,158.782,138.623,315.302,341.212,290.491,153.764,165.996,141.981,267.062,291.768,243.833,-3,-1.108
Ghana,2022,33154.506,33475.87,16695.114,16780.756,147.121,99.49,20.524,652.722,19.495,642.729,1.92,36.101,906.677,107.288,27.08,3.507,1.558,29.535,103.8,253.955,137.215,116.74,7.585,63.945,61.805,66.13,53.104,51.237,54.979,12.925,12.144,13.647,5.53,5.108,5.859,28.647,31.602,881.846,38.463,42.582,146.108,164.544,126.966,298.736,336.322,261.05,146.908,167.842,125.294,250.29,285.671,215.46,-9.999,-0.299
Guinea,2022,13695.093,13859.341,6854.02,7005.32,56.403,97.84,17.849,332.496,23.985,328.495,2.37,29.247,469.311,82.895,33.855,4.303,1.781,28.89,104.5,136.815,68.883,67.932,9.87,58.985,57.643,60.238,51.496,50.376,52.488,12.268,11.682,12.723,5.222,4.886,5.468,29.964,63.929,446.098,42.952,92.407,204.967,214.805,194.851,365.931,388.509,345.12,166.389,177.063,156.464,281.224,302.55,262.302,-4,-0.289
Guinea-Bissau,2022,2083.089,2105.566,1039.86,1065.706,74.878,97.575,18.444,46.37,22.014,44.953,2.135,32.466,64.479,9.891,30.611,3.925,1.701,29.495,104.1,18.109,9.462,8.647,8.597,59.861,57.671,61.929,50.327,48.395,52.084,11.537,10.782,12.103,5.029,4.758,5.244,3.229,50.096,61.89,4.667,72.866,170.666,188.141,152.738,373.161,418.655,330.642,175.421,200.947,150.292,313.653,358.534,272.823,-1.4,-0.665
Liberia,2022,5245.853,5302.681,2640.702,2661.979,55.053,99.201,18.111,118.656,22.364,113.656,2.143,32.345,164.452,36.306,30.996,4.016,1.754,28.457,103.9,45.796,23.527,22.27,8.632,61.1,59.796,62.392,51.704,50.77,52.6,11.941,11.548,12.264,5.22,5.051,5.356,9.409,57.311,157.137,12.215,74.813,158.711,170.335,146.881,344.489,367.328,321.693,152.415,162.693,142.354,282.38,301.95,263.251,-5,-0.942
Mali,2022,22248.667,22593.59,11406.819,11186.771,18.516,101.967,15.165,729.851,32.266,689.847,3.054,22.696,932.317,183.996,41.217,5.867,2.486,28.924,103.3,202.466,106.94,95.526,8.951,59.417,58.068,60.832,50.971,49.798,52.198,11.14,10.628,11.617,4.241,4.024,4.421,49.461,53.277,892.365,77.146,84.886,185.574,193.602,177.26,352.362,380.727,322.434,158.085,170.694,144.876,277.738,305.841,248.278,-39.998,-1.768
Mauritania,2022,4673.674,4736.139,2321.228,2414.911,4.595,96.121,17.713,121.936,25.75,124.93,2.638,26.275,156.047,20.167,32.953,4.342,1.96,29.891,103.3,34.111,18.26,15.85,7.203,64.691,62.965,66.447,54.24,52.758,55.727,11.79,11.029,12.558,4.825,4.489,5.138,6.779,43.566,150.443,9.02,58.653,112.765,124.504,101.233,261.253,290.377,233.575,97.984,109.605,87.321,207.704,234.562,182.78,3,0.633
Niger,2022,25719.857,26207.977,13293.383,12914.594,20.69,102.933,14.486,975.24,37.195,976.239,3.725,18.608,1180.654,234.479,45.029,6.749,2.929,29.108,104,205.414,107.856,97.558,7.834,62.08,60.816,63.401,52.629,51.487,53.816,11.554,10.969,12.077,4.405,4.137,4.596,47.092,40.088,1140.79,81.583,71.757,150.591,155.034,145.965,308.188,334.149,280.585,130.121,139.158,120.551,243.814,269.6,216.52,1,0.038
Nigeria,2022,215928.431,218541.212,110448.136,108093.075,239.952,102.179,17.117,5285.555,24.18,5225.561,2.391,28.99,8002.758,1154.052,36.611,5.143,1.95,29.447,103.8,2717.203,1380.004,1337.199,12.431,53.633,53.295,53.968,48.088,47.807,48.366,12.026,11.879,12.162,5.171,5.052,5.274,573.914,71.871,7570.882,872.823,110.814,287.561,287.478,287.681,459.314,466.085,452.524,237.915,238.936,236.875,357.252,364.597,349.871,-59.996,-0.274
Saint Helena,2022,5.402,5.374,2.595,2.779,13.779,93.414,52.294,-0.056,-10.472,-0.056,-1.042,...,0.04,0.002,7.472,1.643,0.786,30.04,105.4,0.096,0.059,0.037,17.944,77.214,74.429,80.885,63.356,60.729,66.855,16.8,15.036,19.417,7.37,6.329,8.667,0,11.094,0.04,0.001,12.863,28.54,34.912,22.77,91.097,119.684,64.986,30.325,39.305,23.495,77.351,103.936,53.536,0,0
Senegal,2022,17096.667,17316.449,8516.043,8800.406,89.942,96.769,17.899,459.556,26.519,439.564,2.539,27.3,555.696,59.657,32.067,4.314,2.009,30.137,103.1,96.14,50.989,45.152,5.548,67.913,65.473,70.2,55.636,53.461,57.615,12.615,11.584,13.443,4.789,4.376,5.078,11.672,21.033,545.212,17.477,31.88,84.367,97.593,71.072,218.16,262.992,177.014,90.827,109.815,73.148,185.512,227.858,147.61,-19.999,-1.154
Sierra Leone,2022,8513.55,8605.718,4312.192,4293.526,119.957,100.435,19.047,188.332,21.879,184.336,2.142,32.36,265.023,45.555,30.788,3.876,1.653,28.684,103.3,76.691,39.694,36.997,8.909,60.411,59.115,61.693,52.706,51.63,53.756,11.6,10.926,12.194,4.872,4.518,5.14,18.552,69.962,251.464,25.519,96.71,170.062,177.46,162.667,328.301,348.609,308.105,125.861,131.667,119.998,244.438,262.899,226.235,-4,-0.465
Togo,2022,8746.734,8848.699,4448.225,4400.474,162.69,101.085,18.779,205.929,23.267,203.929,2.305,30.071,278.618,35.277,31.48,4.196,1.802,29.017,102.8,72.689,37.085,35.604,8.213,61.588,60.946,62.227,51.98,51.47,52.479,12.011,11.751,12.25,4.62,4.536,4.691,12.207,43.89,268.452,17.205,62.432,171.839,170.827,172.89,323.653,338.671,308.705,156.592,158.544,154.692,261.296,275.851,246.927,-2,-0.226
Kazakhstan,2022,19295.502,19397.998,9335.1,10062.898,7.185,92.768,29.538,204.996,10.57,204.992,1.057,65.577,402.511,14.124,20.754,3.047,1.45,28.763,106.5,197.515,100.472,97.043,10.184,69.489,65.776,72.995,55.269,51.605,58.706,12.331,10.392,13.681,5.553,4.563,6.017,3.431,8.495,399.544,3.846,9.504,44.944,60.095,29.768,204.723,278.27,134.454,86.527,121.005,52.979,195.514,268.819,125.819,0,0
Kyrgyzstan,2022,6578.069,6630.623,3255.521,3375.102,34.571,96.457,23.819,115.096,17.348,105.108,1.585,43.732,154.761,9.13,23.326,2.946,1.405,28.038,105.7,39.665,23.474,16.19,5.978,70.484,66.218,74.929,56.637,52.481,60.94,13.322,11.255,15.131,5.575,4.566,6.232,2.036,13.128,152.979,2.307,14.802,46.528,63.202,29.771,194.884,276.696,115.115,81.249,120.909,43.007,181.449,262.571,102.983,-9.999,-1.507
Tajikistan,2022,9856.531,9952.787,5008.732,4944.055,69.551,101.308,21.612,212.505,21.33,192.512,1.934,35.84,259.276,19.881,26.025,3.141,1.473,26.419,106.3,46.771,26.547,20.223,4.695,71.288,69.189,73.518,58.415,56.512,60.422,14.074,13.098,15.078,6.118,5.73,6.482,6.076,23.419,253.849,7.098,27.333,56.686,65.892,47.161,169.211,202.67,135.719,61.831,75.529,48.112,144.02,175.422,113.005,-19.999,-2.007
Turkmenistan,2022,6387.2,6430.77,3185.86,3244.911,13.685,98.18,26.081,91.138,14.17,87.141,1.355,51.155,133.491,5.233,20.755,2.617,1.213,27.849,106.7,42.353,23.747,18.606,6.585,69.41,65.916,72.916,57.349,54.209,60.42,13.891,12.38,15.079,5.92,5.233,6.31,4.414,32.921,129.706,5.215,38.644,74.324,92.194,55.673,205.846,267.343,144.047,78.007,106.569,49.692,171.698,230.124,114.228,-4,-0.622
Uzbekistan,2022,34353.048,34627.652,17327.897,17299.755,81.4,100.163,26.796,569.214,16.438,549.209,1.586,43.704,776.815,20.098,22.433,2.8,1.318,27.384,108,207.601,111.98,95.621,5.995,71.674,69.032,74.293,57.819,55.296,60.296,13.714,12.297,14.875,5.926,5.273,6.287,9.67,12.397,768.382,10.957,13.998,43.704,52.988,33.978,166.708,209.288,123.898,64.631,82.194,46.872,153.051,194.411,111.821,-19.999,-0.578
China,2022,1425925.386,1425887.337,727644.037,698243.3,148.53,104.211,38.467,235.284,0.165,-76.098,-0.005,...,10757.794,412.707,7.544,1.175,0.548,28.912,111.3,10522.51,5908.321,4614.189,7.379,78.587,75.963,81.343,64.336,61.739,67.055,18.044,16.272,19.729,8.044,7.069,8.786,63.358,5.88,10703.232,80.45,7.122,26.218,30.728,21.144,88.71,113.56,62.418,34.843,44.291,24.628,79.638,104.068,53.888,-311.38,-0.218
"China, Hong Kong SAR",2022,7489.149,7488.865,3450.369,4038.496,6814.254,85.437,45.38,-20.573,-2.751,-0.568,-0.008,...,41.923,0.204,5.606,0.756,0.362,32.758,107.7,62.496,33.687,28.809,8.357,84.315,81.754,86.893,69.538,66.981,72.111,21.688,19.753,23.685,10.71,9.458,11.814,0.058,1.38,41.874,0.105,2.199,7.478,9.204,6.024,43.048,59.418,30.411,13.671,19.367,9.578,40.437,56.721,27.912,19.999,2.674
"China, Macao SAR",2022,690.667,695.168,326.18,368.988,21724.016,88.399,38.049,4.009,5.788,9.003,1.295,53.525,6.957,0.033,10.044,1.109,0.531,30.852,108,2.948,1.644,1.304,4.256,85.377,82.753,87.98,70.687,68.152,73.184,22.538,20.59,24.499,10.814,9.452,11.888,0.016,2.236,6.944,0.022,3.037,9.083,11.836,6.385,38.248,53.187,26.262,13.177,17.752,9.499,34.66,48.489,23.919,5,7.218
"China, Taiwan Province of China",2022,23877.791,23893.394,11826.506,12066.888,674.764,98.008,41.91,7.225,0.303,31.207,0.131,...,186.241,2.291,7.799,1.132,0.542,31.636,106.9,179.016,102.963,76.053,7.496,81.267,78.128,84.539,66.656,63.53,69.91,20.479,18.581,22.316,9.698,8.504,10.709,0.586,3.146,185.739,0.727,3.884,19.662,25.513,13.447,86.251,120.629,51.719,37.217,53.123,21.17,81.733,115.938,47.428,23.999,1.005
Dem. People's Republic of Korea,2022,26022.117,26069.416,12905.119,13164.298,216.505,98.031,35.876,96.594,3.705,94.599,0.363,...,340.407,2.028,13.058,1.793,0.841,28.823,106,243.813,116.432,127.381,9.353,73.578,70.973,76.146,60.325,57.917,62.661,16.454,15.33,17.274,7.348,6.71,7.588,4.624,13.567,336.352,5.834,17.068,67.199,85.09,48.184,160.285,197.25,120.932,76.377,98,53.5,139.395,174.044,102.782,-2,-0.077
Japan,2022,124278.31,123951.692,60239.861,63711.831,328.938,94.551,48.745,-753.228,-6.079,-653.236,-0.527,...,814.705,7.597,6.576,1.305,0.632,31.46,105.1,1567.933,790.805,777.129,12.655,84.82,81.782,87.832,70.07,67.037,73.074,22.584,20.101,24.883,10.931,9.281,12.164,1.371,1.681,813.535,1.927,2.347,12.237,15.299,9.031,51.032,65.401,36.162,20.507,26.16,14.622,48.138,62.37,33.417,99.994,0.807
Mongolia,2022,3373.358,3398.366,1685.387,1712.979,2.182,98.389,26.871,50.862,14.968,50.016,1.472,47.089,69.481,2.806,20.447,2.774,1.334,29.189,104.5,18.619,11.394,7.225,5.479,72.667,68.079,77.375,58.543,54.114,63.054,15.398,13.032,17.281,7.481,6.349,8.197,0.616,8.836,68.948,0.752,10.66,42.807,56.707,28.303,180.982,258.362,102.824,75.475,107.672,42.473,170.855,246.789,94.758,-0.85,-0.25
Republic of Korea,2022,51829.025,51815.81,25867.453,25948.357,523.694,99.688,43.928,-56.427,-1.09,-26.431,-0.051,...,285.686,2.336,5.515,0.874,0.422,32.531,105.8,342.113,186.72,155.392,6.605,84.024,80.695,87.101,69.308,65.989,72.372,21.404,18.721,23.619,10.476,8.549,11.595,0.655,2.29,285.127,0.812,2.788,8.726,10.183,7.132,43.183,60.842,24.787,14.543,19.642,9.14,39.849,57.323,21.661,29.998,0.579
Afghanistan,2022,40580.49,41128.771,20766.442,20362.329,63.344,101.985,16.87,1162.402,28.237,1096.562,2.666,26,1446.699,186.575,35.143,4.523,2.028,28.878,105.2,284.297,163.41,120.887,6.906,62.879,59.766,66.213,51.901,48.888,55.102,11.984,11.075,12.759,5.032,4.641,5.325,58.957,40.802,1397.103,75.592,52.846,144.266,180.512,105.372,313.637,374.257,248.539,150.287,195.837,101.294,268.266,329.563,203.017,-65.846,-1.6
Bangladesh,2022,170297.594,171186.372,84859.213,86327.159,1315.099,98.3,26.666,2087.541,12.184,1777.557,1.038,66.777,2994.966,599.745,17.48,1.95,0.918,25.724,105,907.425,512.689,394.737,5.296,73.698,71.514,76.012,60.856,58.816,63.008,15.938,14.723,17.206,7.071,6.406,7.686,61.062,20.375,2940.527,75.696,25.24,57.432,62.335,52.446,144.035,174.223,114.489,58.021,68.873,48.042,118.319,146.961,90.629,-309.977,-1.809
Bhutan,2022,779.965,782.455,413.93,368.525,20.38,112.321,28.774,4.676,5.976,4.98,0.636,108.985,9.648,0.639,12.332,1.398,0.659,28.77,104.8,4.972,2.815,2.158,6.356,72.229,70.57,74.152,59.298,57.844,60.998,14.581,13.721,15.524,6.102,5.756,6.442,0.199,20.658,9.469,0.239,24.595,54.97,61.758,47.502,156.041,177.816,130.807,57.468,64.24,49.515,131.251,150.61,108.65,0.3,0.383
India,2022,1412319.817,1417173.173,731180.498,685992.675,476.651,106.587,27.903,10194.012,7.193,9706.711,0.685,101.189,23056.027,988.117,16.267,2.011,0.918,27.967,107.5,12862.015,6968.129,5893.887,9.074,67.744,66.257,69.384,55.323,53.741,57.07,13.116,12.369,13.863,6.029,5.648,6.343,607.065,26.308,22519.905,749.834,32.41,79.643,85.698,73.067,240.983,270.987,208.267,93.639,110.935,74.789,211.29,242.879,176.792,-487.303,-0.344
Iran (Islamic Republic of),2022,88256.642,88550.57,44714.592,43835.978,54.367,102.004,32.447,627.854,7.09,587.856,0.664,104.39,1172.709,84.812,13.242,1.681,0.8,28.936,105.3,544.855,312.931,231.924,6.152,74.556,71.93,77.453,60.73,58.131,63.596,15.415,13.878,16.995,6.415,5.608,7.012,12.111,10.292,1162.191,14.695,12.215,43.969,55.439,32.022,123.844,157.558,87.925,52.527,70.626,33.512,109.486,142.881,73.969,-39.998,-0.452
Maldives,2022,524.929,523.787,301.315,222.471,1745.957,135.44,31.307,5.731,10.861,-2.284,-0.436,...,7.197,0.1,13.638,1.678,0.809,29.885,105,1.466,0.868,0.597,2.777,80.839,80.065,81.844,66.473,65.742,67.434,18.735,18.201,19.414,8.475,8.132,8.926,0.043,6.005,7.16,0.051,7.064,16.87,17.738,15.851,54.581,60.53,46.579,19.388,20.797,17.242,47.017,52.446,39.552,-8.011,-15.181
Nepal,2022,30371.951,30547.58,14646.246,15901.334,207.551,92.107,24.037,413.27,13.514,351.258,1.15,60.274,616.657,99.581,20.165,2.008,0.944,25.741,105,203.387,107.888,95.5,6.651,70.484,68.608,72.364,57.605,55.922,59.266,13.896,13.054,14.69,5.835,5.508,6.087,12.528,20.332,605.385,15.024,24.455,65.881,75.76,56.699,185.603,215.232,156.878,74.525,86.913,63.706,160.278,187.801,134.04,-62.012,-2.028
Pakistan,2022,233523.612,235824.862,118960.88,116863.982,305.916,101.794,20.381,4768.488,20.212,4602.501,1.952,35.51,6424.944,503.294,27.233,3.41,1.535,28.59,105.5,1656.456,928.595,727.861,7.021,66.431,64.134,68.918,56.246,54.214,58.43,13.027,12.016,14.034,5.412,4.988,5.785,332.277,51.791,6155.881,400.749,62.647,105.547,119.599,90.859,235.934,274.193,195.719,81.854,98.691,64.571,179.348,215.259,142.105,-165.988,-0.704
Sri Lanka,2022,21799.884,21832.143,10514.75,11317.393,348.172,92.908,32.727,142.021,6.494,64.518,0.296,...,301.383,13.413,13.781,1.974,0.952,29.471,104.4,159.362,89.005,70.357,7.287,76.61,72.851,80.23,62.213,58.466,65.813,16.866,14.388,18.93,7.625,6.249,8.439,1.65,5.467,299.963,1.972,6.507,29.706,37.559,22.088,114.785,159.038,72.399,50.018,69.895,30.991,107.595,151.696,65.45,-77.495,-3.543
Brunei Darussalam,2022,447.189,449.002,232.205,216.797,77.884,107.107,32.295,3.62,8.062,3.625,0.807,85.892,6.058,0.155,13.493,1.764,0.831,30.545,107.7,2.438,1.398,1.04,5.431,74.551,72.509,76.791,60.551,58.558,62.733,15.552,14.173,16.926,6.785,6.093,7.323,0.056,9.301,6.009,0.068,11.172,37.508,43.058,31.444,132.069,153.752,108.117,52.172,60.394,43.104,120.067,141.119,96.839,0,0
Cambodia,2022,16680.606,16767.842,8299.527,8468.316,92.622,98.007,26.805,204.467,12.184,174.473,1.041,66.585,318.335,33.527,18.969,2.322,1.084,27.445,105.2,113.868,60.664,53.203,6.785,69.896,67.117,72.622,57.238,54.767,59.598,14.434,13.248,15.289,6.178,5.584,6.541,6.558,20.586,312.448,7.84,24.489,84.446,105.69,62.72,203.685,245.828,159.187,93.449,117.458,68.888,175.783,214.495,135.442,-29.998,-1.787
Indonesia,2022,274616.289,275501.339,138703.277,136798.063,144.171,101.393,29.634,1820.09,6.606,1770.1,0.643,107.799,4462.212,360.271,16.196,2.153,1.004,28.585,106.1,2642.122,1407.703,1234.419,9.59,68.25,66.181,70.437,55.01,53.048,57.074,12.388,11.103,13.578,5.21,4.633,5.599,79.17,17.729,4392.068,95.751,21.379,67.275,74.634,59.467,222.441,254.031,189.426,90.775,101.8,79.237,201.714,232.302,169.934,-49.997,-0.181
Lao People's Democratic Republic,2022,7476.97,7529.475,3794.678,3734.796,32.623,101.603,24.084,115.009,15.265,105.01,1.395,49.688,161.682,25.641,21.46,2.448,1.132,26.822,105.3,46.673,25.569,21.104,6.195,68.999,66.94,71.164,57.16,55.465,58.918,13.769,12.928,14.571,5.792,5.47,6.044,4.945,30.557,157.386,6.285,38.77,83.635,96.167,70.462,206.44,238.73,173.003,80.695,93.311,67.587,169.054,197.446,140.145,-9.999,-1.327
Malaysia,2022,33751.399,33938.221,17341.833,16596.389,103.297,104.492,30.328,324.652,9.573,373.645,1.101,62.956,509.232,11.869,15.016,1.787,0.854,31.001,106.6,184.58,106.968,77.612,5.443,76.26,73.955,78.799,61.886,59.613,64.386,16.569,15.445,17.688,7.617,7.079,8.08,3.011,5.909,506.637,3.552,6.96,25.953,32.771,18.633,117.601,152.286,79.952,44.277,59.542,27.577,110.159,144.508,72.917,48.997,1.445
Myanmar,2022,53977.744,54179.306,26962.566,27216.74,82.933,99.066,29.306,438.119,8.084,403.124,0.744,93.165,912.252,73.134,16.833,2.127,0.969,28.961,106.6,474.133,260.495,213.637,8.749,67.256,64.18,70.478,55.733,53.025,58.511,13.445,12.31,14.391,5.676,5.244,5.949,29.903,32.738,886.467,38.372,41.858,101.798,125.133,76.958,239.56,293.53,182.611,101.847,130.722,71.72,198.864,249.438,146.481,-34.998,-0.646
Philippines,2022,114666.324,115559.009,58679.278,56879.731,385.197,103.164,24.734,1855.368,16.05,1785.37,1.545,44.864,2499.081,253.257,21.618,2.725,1.265,28.64,107.7,643.713,341.95,301.763,5.568,72.187,70.218,74.174,59.347,57.606,61.07,14.653,13.597,15.561,6.173,5.7,6.465,53.917,21.586,2450.775,63.95,25.673,56.567,64.66,47.911,157.174,182.628,130.385,57.811,66.164,48.998,131.311,154.088,107.629,-69.996,-0.606
Singapore,2022,5955.901,5975.689,3125.086,2850.602,8749.178,109.629,42.315,12.579,2.109,39.575,0.662,104.705,42.333,0.303,7.1,1.035,0.5,31.95,106,29.754,16.822,12.932,4.991,84.133,81.981,86.295,69.344,67.203,71.492,21.626,19.915,23.17,10.691,9.53,11.498,0.07,1.657,42.273,0.096,2.196,7.394,8.868,5.725,46.347,58.035,32.936,14.201,17.927,10.055,43.898,55.418,30.666,26.998,4.528
Thailand,2022,71640.251,71697.03,34806.096,36890.933,140.338,94.349,39.741,94.556,1.319,113.557,0.158,...,631.239,63.021,8.806,1.317,0.628,28.195,106.4,536.683,311.311,225.372,7.487,79.68,75.473,83.929,65.515,61.351,69.704,21.354,19.054,23.373,11.642,10.042,12.826,4.493,7.097,627.364,5.336,8.359,41.303,56.611,25.477,128.939,180.047,78.56,62.686,91.333,33.871,119.496,170.13,69.796,18.999,0.265
Timor-Leste,2022,1331.648,1341.296,683.957,657.338,90.201,104.05,20.574,24.292,18.076,19.296,1.439,48.169,33.074,2.538,24.611,3.047,1.389,29.459,107.1,8.782,4.74,4.042,6.535,69.056,67.435,70.815,57.172,55.814,58.637,13.761,13.019,14.475,5.779,5.509,6.013,1.02,30.851,32.187,1.256,38.112,82.651,91.197,73.595,205.447,229.61,178.717,79.842,88.293,70.987,168.586,189.894,145.103,-5,-3.72
Viet Nam,2022,97842.283,98186.856,48501.287,49685.569,313.287,97.616,32.398,771.853,7.858,689.146,0.702,98.739,1442.809,118.08,14.689,1.941,0.894,27.393,111.1,670.956,379.206,291.75,6.831,74.58,69.927,79.29,61.507,57.158,65.803,17.323,14.768,19.348,7.998,6.371,8.873,21.651,14.988,1423.035,27.991,19.236,66.004,91.525,38.883,151.357,208.388,91.773,70.637,102.044,37.847,128.483,181.797,73.932,-82.7,-0.842
Armenia,2022,2783.226,2780.469,1250.079,1530.39,97.684,81.684,34.761,-0.503,-0.181,-5.514,-0.198,...,32.556,1.424,11.7,1.575,0.745,27.404,109.1,33.059,17.541,15.518,11.881,73.372,67.866,78.447,59.087,53.61,64.106,14.637,11.122,17.425,6.94,4.793,7.938,0.263,8.052,32.329,0.298,9.031,26.486,37.28,16.796,150.795,239.654,81.622,51.121,83.714,25.755,142.385,231.161,73.798,-5,-1.797
Azerbaijan,2022,10329.61,10358.074,5110.847,5247.226,125.312,97.401,31.925,56.937,5.497,56.928,0.55,126.027,123.673,13.432,11.941,1.66,0.762,25.715,112.2,66.736,35.613,31.123,6.444,73.488,70.55,76.249,60.069,57.185,62.745,15.282,13.739,16.467,6.575,5.904,6.953,2.036,16.409,121.879,2.357,18.755,50.81,63.04,38.123,143.552,186.546,102.413,59.086,80.433,37.978,124.68,167.136,84.492,0,0
Bahrain,2022,1465.626,1472.233,912.199,560.034,1880.246,162.883,33.302,13.216,8.978,13.214,0.898,77.188,16.861,0.352,11.454,1.797,0.873,29.894,103.9,3.645,2.215,1.43,2.476,79.246,78.242,80.497,64.822,63.837,66.054,17.399,16.535,18.415,7.324,6.798,7.825,0.091,5.385,16.783,0.112,6.473,15.023,16.393,13.324,62.952,66.8,57.29,19.446,20.367,18.331,55.988,59.533,50.631,0,0
Cyprus,2022,1247.08,1251.488,626.775,624.713,135.442,100.33,38.071,3.811,3.052,8.817,0.705,98.319,12.517,0.209,10.023,1.311,0.632,31.736,106.5,8.706,4.506,4.2,6.971,81.889,80.068,83.673,67.125,65.314,68.897,19.681,18.372,20.895,9.032,8.339,9.566,0.027,2.128,12.494,0.032,2.498,9.388,11.833,6.705,55.115,68.426,42.17,17.677,22.377,12.833,52.321,65.481,39.545,5,4.003
Georgia,2022,3753.319,3744.385,1760.001,1984.385,53.884,88.692,36.462,-7.865,-2.098,-17.867,-0.477,...,49.106,3.035,13.099,2.063,0.984,28.27,106.7,56.971,29.177,27.794,15.197,71.587,66.76,76.461,57.295,52.489,62.132,13.652,10.946,15.779,5.816,4.466,6.487,0.402,8.157,48.759,0.45,9.113,39.036,55.078,22.711,176.213,262.107,93.666,72.075,111.48,33.556,167.922,253.884,85.587,-9.999,-2.667
Iraq,2022,43996.169,44496.122,22290.37,22205.751,102.495,100.381,20.013,1005.918,22.602,999.905,2.247,30.848,1203.188,136.987,27.035,3.445,1.621,28.824,105.7,197.27,103.348,93.922,4.433,71.336,69.162,73.362,58.134,56.111,59.98,13.757,12.526,14.721,5.701,5.117,6.053,21.206,17.646,1183.936,25.657,21.463,52.744,60.984,44.152,165.657,195.696,136.645,61.417,72.334,50.409,144.043,172.343,117.115,-6,-0.135
Israel,2022,8970.733,9038.309,4508.097,4530.212,417.609,99.512,29.091,125.154,13.855,135.152,1.495,46.364,174.675,2.565,19.337,2.948,1.427,30.708,105.4,49.521,25.136,24.384,5.482,82.601,80.625,84.508,67.942,65.997,69.813,20.508,19.237,21.638,9.811,9.237,10.24,0.511,2.928,174.237,0.635,3.621,11.588,14.789,8.257,54.799,71.6,37.966,18.297,24.31,12.168,50.806,67.211,34.411,9.999,1.107
Jordan,2022,11256.19,11285.869,5846.915,5438.953,127.102,107.501,23.716,200.547,17.659,59.357,0.526,131.777,245.484,13.483,21.616,2.786,1.33,29.647,104.9,44.937,26.298,18.639,3.957,74.215,72.12,76.675,60.442,58.421,62.822,14.71,13.252,16.305,6.159,5.325,6.864,3.054,12.444,242.668,3.534,14.419,33.171,36.796,29.283,119.407,141.692,93.692,39.619,45.626,32.864,104.51,125.826,79.84,-141.192,-12.432
Kuwait,2022,4247.7,4268.873,2595.948,1672.926,239.582,155.174,39.129,30.349,7.121,42.346,0.992,69.874,41.456,0.585,9.727,2.092,1.013,29.488,104.8,11.107,8.078,3.029,2.606,80.264,78.878,82.752,65.964,64.644,68.384,18.214,17.254,19.901,7.875,7.311,8.581,0.279,6.681,41.217,0.344,7.985,14.716,18.368,10.514,54.977,64.994,37.406,15.197,19.14,9.462,46.587,55.721,29.964,11.999,2.815
Lebanon,2022,5553.937,5489.739,2662.356,2827.383,536.631,94.163,28.516,31.855,5.719,-128.395,-2.339,...,81.179,4.737,14.576,2.08,0.997,29.427,105.3,49.324,25.311,24.013,8.857,74.416,72.237,76.597,60.079,57.911,62.245,14.482,12.891,16.021,6.01,5.109,6.624,0.5,6.158,80.709,0.591,7.203,26.116,28.37,23.862,117.432,141.153,95.704,41.224,47.185,35.852,109.306,132.863,87.799,-160.237,-28.772
Oman,2022,4543.281,4576.298,2785.494,1790.804,14.786,155.544,28.914,66.032,14.427,66.034,1.443,48.035,81.043,1.258,17.706,2.567,1.236,31.355,104.3,15.011,9.287,5.724,3.279,73.935,72.356,76.046,59.796,58.294,61.827,14.036,12.907,15.254,5.619,4.97,6.204,0.693,8.585,80.439,0.842,10.286,28.663,33.652,21.361,116.279,130.884,90.66,39.361,45.276,28.943,105.735,119.304,81.128,0,0
Qatar,2022,2684.33,2695.122,1954.233,740.889,232.619,263.768,33.607,21.587,8.011,21.584,0.801,86.535,24.497,0.309,9.091,1.781,0.867,30.222,103.9,2.91,2.119,0.791,1.08,81.559,80.626,83.101,67.095,66.206,68.592,19.127,18.315,20.339,8.324,7.809,8.944,0.123,4.966,24.392,0.151,5.969,12.127,13.574,9.911,47.12,49.893,40.538,13.427,14.221,11.918,40.751,42.922,34.776,0,0
Saudi Arabia,2022,36136.551,36408.82,20979.233,15429.586,16.937,135.968,30.22,515.533,14.167,544.538,1.496,46.333,615.69,15.53,16.919,2.393,1.148,30.872,105.1,100.157,64.054,36.103,2.752,77.905,76.666,79.525,63.531,62.293,65.152,17.53,16.472,18.654,7.704,7.214,8.234,3.406,5.517,612.763,4.153,6.679,24.807,27.079,22.256,96.495,102.973,83.921,36.752,39.531,33.062,89.009,95.414,76.466,28.998,0.797
State of Palestine,2022,5189.966,5250.072,2619.454,2630.619,872.105,99.576,19.4,125.205,23.836,120.212,2.29,30.268,145.449,11.728,27.69,3.436,1.635,28.702,105.1,20.244,11.264,8.98,3.854,73.444,71.024,75.948,59.841,57.497,62.255,14.497,12.905,16.022,6.095,5.247,6.719,2.019,13.882,143.596,2.385,16.423,38.355,43.8,32.803,131.968,160.766,103.79,44.523,53.219,36.127,115.051,142.898,88.008,-5,-0.952
Syrian Arab Republic,2022,21589.586,22125.249,11078.628,11046.621,120.436,100.29,21.569,337.02,15.484,1071.325,4.843,14.312,446.859,51.302,20.531,2.704,1.279,29.337,105.2,109.839,64.842,44.997,5.047,72.3,68.671,76.117,59.026,55.522,62.686,15.182,13.585,16.609,6.492,5.705,7.028,7.28,16.349,440.207,8.778,20.125,67.029,92.842,39.419,166.32,221.124,109.476,76.414,109.825,41.301,145.84,199.417,90.674,734.304,33.738
Türkiye,2022,85091.633,85341.241,42762.429,42578.812,110.89,100.431,31.323,800.803,9.367,499.216,0.585,118.487,1236.9,47.957,14.468,1.882,0.906,29.108,105.1,436.097,241.628,194.469,5.101,78.475,75.38,81.495,64.241,61.164,67.235,17.759,15.619,19.503,7.769,6.232,8.723,9.559,7.722,1228.626,11.309,9.09,21.294,25.569,16.815,85.337,114.754,54.235,28.65,38.42,18.497,76.275,105.386,45.536,-301.586,-3.528
United Arab Emirates,2022,9403.261,9441.129,6547.744,2893.385,132.929,226.301,33.344,75.734,8.023,75.735,0.802,86.427,93.343,0.463,9.888,1.443,0.699,31.421,104.6,17.609,11.993,5.616,1.865,79.196,77.72,81.412,64.752,63.33,66.912,17.617,16.377,19.094,7.571,6.855,8.209,0.486,5.178,92.927,0.588,6.232,15.936,18.437,11.457,68.955,75.767,51.857,21.875,24.273,16.131,62.275,68.333,45.925,0,0
Yemen,2022,33322.321,33696.614,17023.203,16673.411,63.823,102.098,18.839,778.579,23.095,748.586,2.222,31.195,1008.643,93.701,29.919,3.716,1.656,29.854,105.9,230.064,132.651,97.413,6.824,63.72,60.493,67.222,53.402,50.348,56.684,12.269,11.186,13.22,5.099,4.628,5.425,47.197,46.789,969.803,62.569,62.126,134.977,167.347,100.358,289.489,349.874,223.898,124.652,165.361,81.038,235.799,296.054,171.078,-29.998,-0.89
Belarus,2022,9549.898,9534.954,4390.266,5144.689,46.991,85.336,40.426,-60.206,-6.325,-29.887,-0.313,...,87.252,2.656,9.165,1.495,0.722,28.712,105.8,147.458,75.308,72.15,15.49,73.246,68.09,78.384,58.477,53.334,63.594,14.527,11.335,16.911,6.881,5.211,7.58,0.163,1.868,87.113,0.225,2.552,24.442,36.535,12.525,159.448,242.42,78.69,63.157,98.599,28.755,156.699,239.585,76.135,30.308,3.184
Bulgaria,2022,6833.621,6781.953,3288.787,3493.166,62.566,94.149,44.685,-98.534,-14.525,-103.336,-1.524,...,56.663,5.872,8.352,1.59,0.761,27.83,106,155.197,77.568,77.629,22.877,71.528,68.278,75.08,57.077,53.809,60.645,13.564,11.665,15.218,5.97,5.486,6.252,0.299,5.262,56.406,0.364,6.331,34.01,42.797,24.519,179.374,233.907,119.646,68.208,90.437,44.027,172.85,227.728,112.757,-4.8,-0.708
Czechia,2022,10497.505,10493.986,5169.472,5324.514,135.927,97.088,42.899,-29.052,-2.772,-7.038,-0.067,...,101.555,2.31,9.688,1.698,0.822,30.177,105.3,130.607,67.765,62.842,12.46,78.129,75.106,81.22,63.412,60.41,66.479,17.238,15.142,19.097,7.788,6.819,8.396,0.24,2.355,101.35,0.296,2.871,17.111,22.322,11.548,90.244,119.606,58.841,32.894,43.607,21.405,86.816,115.903,55.729,22.011,2.1
Hungary,2022,9688.547,9967.308,4785.347,5181.96,110.099,92.346,42.264,-58.522,-6.059,557.521,5.595,12.389,91.371,5.235,9.46,1.581,0.761,29.797,105.8,149.893,73.72,76.174,15.519,74.958,71.552,78.309,60.326,56.935,63.655,15.728,13.464,17.527,7.382,6.498,7.836,0.303,3.313,91.111,0.37,4.023,20.699,25.698,15.376,138.514,182.685,93.011,43.793,58.141,28.749,134.144,178.146,88.872,616.038,63.779
Poland,2022,38236.684,39857.145,19295.674,20561.471,130.17,93.844,40.292,-125.463,-3.287,3240.923,8.136,8.52,353.84,8.209,9.27,1.461,0.703,29.722,106,479.303,247.042,232.261,12.557,76.996,73.233,80.796,62.356,58.59,66.156,16.987,14.553,19.028,8.094,6.987,8.714,1.201,3.38,352.814,1.404,3.924,21.955,30.504,13.042,111.201,156.206,64.376,44.27,64.328,23.378,106.928,151.962,60.098,3366.387,88.193
Republic of Moldova,2022,3048.343,3272.996,1558.293,1714.703,99.538,90.878,35.156,-13.566,-4.461,449.306,13.749,5.041,36.943,2.299,12.148,1.8,0.857,27.995,106.3,50.509,26.829,23.68,16.609,68.621,64.217,73.32,54.739,50.399,59.35,11.986,9.656,13.852,5.269,4.019,5.901,0.461,12.416,36.541,0.545,14.539,42.599,58.347,26.192,224.537,317.651,129.487,80.5,120.849,39.54,211.616,304.748,117.038,462.866,152.203
Romania,2022,19262.773,19659.267,9509.484,10149.782,85.447,93.692,41.515,-123.823,-6.449,792.987,4.034,17.183,191.763,17.963,9.988,1.744,0.84,28.235,105.5,315.586,160.143,155.443,16.437,74.117,70.724,77.619,59.678,56.293,63.169,14.553,12.397,16.378,6.787,6.028,7.22,1.043,5.426,190.867,1.291,6.649,21.534,27.246,15.512,131.336,179.952,80.25,41.192,57.106,24.498,124.588,173.164,73.597,916.813,47.752
Russian Federation,2022,144732.516,144713.314,67208.441,77504.873,8.837,86.715,38.951,-980.855,-6.8,-38.404,-0.027,...,1375.808,52.977,9.539,1.505,0.721,28.807,105.7,2356.663,1196.168,1160.496,16.339,70.116,64.689,75.702,55.584,50.188,61.122,14.222,11.422,16.165,6.597,5.571,7.001,5.529,4.007,1371.074,7.39,5.244,57.283,83.186,30.316,231.114,333.36,125.999,115.306,171.359,57.942,225.756,327.951,120.966,942.445,6.534
Slovakia,2022,5439.435,5643.453,2757.541,2885.912,115.095,95.552,40.059,-16.969,-3.125,408.036,7.233,9.583,53.357,3.451,9.825,1.574,0.758,28.852,105.4,70.326,36.109,34.217,12.95,75.33,71.929,78.813,60.837,57.455,64.296,15.754,13.629,17.531,7.07,6.286,7.487,0.25,4.676,53.142,0.309,5.709,24.296,31.688,16.49,125.331,169.661,78.544,45.641,63.181,26.93,119.258,163.407,72.714,425.001,78.261
Ukraine,2022,43334.204,39701.739,18230.672,21471.067,68.532,84.908,42.853,-591.34,-13.741,-7264.93,-18.35,...,329.618,15.679,7.659,1.265,0.603,28.177,106.3,920.958,463.35,457.608,21.4,68.564,63.525,73.904,54.242,49.206,59.57,12.828,10.142,14.825,5.638,4.294,6.29,2.344,7.091,327.596,2.775,8.322,55.743,77.591,32.623,247.17,350.956,140.526,116.154,168.714,61.669,239.456,343.714,132.553,-6673.58,-155.07
Denmark,2022,5867.977,5882.261,2926.508,2955.754,138.752,99.011,41.291,8.568,1.459,28.569,0.486,...,64.107,0.304,10.917,1.719,0.831,31.456,105.7,55.539,28.473,27.066,9.458,81.882,79.958,83.802,67.188,65.291,69.076,20.039,18.662,21.322,9.177,8.289,9.868,0.188,2.933,63.946,0.212,3.312,11.952,15.036,8.724,61.209,75.433,46.582,20.391,26.147,14.491,57.629,71.492,43.397,19.999,3.406
Estonia,2022,1327.6,1326.062,629.571,696.491,30.508,90.392,41.63,-2.084,-1.572,-3.076,-0.232,...,13.422,0.27,10.118,1.676,0.808,30.665,106.1,15.506,7.141,8.365,11.69,79.155,74.983,82.987,64.388,60.24,68.188,19.008,16.343,20.835,9.349,8.247,9.818,0.024,1.781,13.402,0.032,2.316,20.573,29.479,10.828,102.808,148.237,55.27,41.778,61.236,20.601,100.061,145.194,52.887,-1,-0.754
Faroe Islands,2022,52.995,53.09,27.482,25.608,38.332,107.316,37.72,0.175,3.286,0.189,0.356,...,0.801,0.017,15.084,2.74,1.311,30.342,106.7,0.626,0.326,0.3,11.798,78.897,77.313,80.701,64.555,63.005,66.322,17.378,16.244,18.626,7.443,6.821,8.005,0.004,5.324,0.797,0.006,7.273,17.903,21.133,14.254,69.624,81.228,56.36,22.495,26.425,17.958,61.656,72.76,48.923,0,0
Finland,2022,5538.263,5540.745,2737.805,2802.941,18.324,97.676,42.561,-9.035,-1.633,4.965,0.09,...,47.136,0.611,8.518,1.397,0.676,31.108,105.2,56.171,28.064,28.107,10.151,82.351,79.792,84.886,67.556,65,70.087,20.657,18.926,22.191,9.497,8.531,10.161,0.077,1.628,47.07,0.095,2.015,15.813,21.214,10.042,64.232,84.936,42.438,27.105,36.907,16.63,61.823,82.474,40.09,13.999,2.53
Guernsey,2022,63.178,63.301,31.483,31.819,989.086,98.942,39.13,0.142,2.236,0.247,0.39,...,0.622,0.021,9.827,1.461,0.703,30.495,105.4,0.48,0.246,0.234,7.591,82.782,81.103,84.418,68.455,66.737,70.132,20.547,19.095,21.921,9.525,8.593,10.302,0.004,6.158,0.618,0.004,7.157,15.387,15.329,15.441,49.178,55.697,42.735,16.027,16.997,15.073,41.286,48.151,34.479,0.1,1.581
Iceland,2022,371.672,372.899,191.134,181.764,3.72,105.155,36.154,2.06,5.528,2.453,0.658,105.342,4.568,0.057,12.256,1.725,0.833,30.804,106.1,2.508,1.291,1.216,6.728,82.815,81.382,84.288,68.012,66.609,69.451,20.447,19.509,21.351,9.163,8.507,9.72,0.006,1.416,4.562,0.009,1.898,11.791,15.38,7.833,52.021,63.591,39.712,20.557,25.73,14.829,49.689,60.873,37.797,0.38,1.019
Ireland,2022,5005.888,5023.109,2489.49,2533.619,73.473,98.258,37.953,24.44,4.871,34.441,0.686,101.042,57.561,0.949,11.472,1.763,0.852,32.2,105.5,33.121,17.033,16.088,6.601,82.716,81.017,84.412,67.984,66.296,69.668,20.511,19.325,21.651,9.238,8.513,9.837,0.142,2.451,57.44,0.164,2.831,13.255,17.353,9.168,54.155,66.836,41.55,21.674,28.453,14.987,51.021,63.549,38.584,9.999,1.993
Isle of Man,2022,84.434,84.519,41.859,42.66,147.761,98.124,45.421,-0.158,-1.877,0.171,0.202,...,0.724,0.036,8.584,1.571,0.75,29.431,105,0.882,0.458,0.424,10.461,80.762,78.833,82.732,67.033,65.135,68.967,20.389,19.089,21.642,9.682,8.828,10.38,0.008,10.397,0.717,0.009,13.169,34.362,39.663,28.895,82.145,97.393,66.537,33.994,41.388,26.615,67.288,82.065,52.221,0.34,4.03
Jersey,2022,110.273,110.778,54.682,56.096,954.987,97.478,39.924,0.207,1.87,1.011,0.913,75.92,1.157,0.031,10.478,1.488,0.714,30.519,105.4,0.95,0.498,0.452,8.608,80.898,78.61,83.191,66.698,64.407,68.991,19.241,17.373,21.029,8.757,7.573,9.702,0.009,7.48,1.149,0.01,8.666,18.983,20.155,17.786,61.969,74.26,49.721,20.313,22.894,17.686,52.508,64.676,40.398,0.8,7.247
Latvia,2022,1860.978,1850.651,858.419,992.231,29.74,86.514,43.758,-12.182,-6.567,-20.654,-1.116,...,16.531,0.479,8.912,1.585,0.76,30.065,106.5,28.713,13.04,15.674,15.479,75.927,71.49,80.088,61.295,56.859,65.448,17.218,14.569,19.019,8.327,7.376,8.716,0.047,2.849,16.491,0.062,3.687,29.939,41.983,16.882,143.466,204.135,82.036,60.758,88.383,31.775,139.132,199.823,77.743,-8.466,-4.564
Lithuania,2022,2768.668,2750.055,1291.659,1458.396,43.916,88.567,43.828,-22.04,-7.992,-37.226,-1.354,...,26.206,0.598,9.504,1.622,0.783,30.309,105.2,48.246,23.247,24.999,17.496,74.293,69.492,79.13,59.611,54.817,64.434,16.099,13.141,18.277,7.634,6.512,8.151,0.074,2.808,26.143,0.088,3.311,33.967,47.721,18.391,161.382,230.716,88.704,71.98,103.78,37.05,157.653,226.958,85.072,-15.192,-5.509
Norway,2022,5414.319,5434.319,2742.094,2692.225,17.863,101.852,39.575,11.999,2.213,40,0.736,94.178,53.988,0.342,9.96,1.507,0.727,31.292,106.2,41.989,20.946,21.043,7.747,83.393,81.718,85.055,68.611,66.949,70.258,21.004,19.769,22.148,9.597,8.746,10.258,0.1,1.856,53.902,0.119,2.191,12.288,16.01,8.344,49.277,59.619,38.286,19.531,25.022,13.704,46.724,56.888,35.925,27.998,5.165
Sweden,2022,10517.669,10549.347,5316.615,5232.732,25.898,101.603,39.557,23.352,2.218,63.356,0.601,115.332,114.08,0.969,10.835,1.672,0.808,31.213,105.7,90.728,44.958,45.771,8.617,83.505,81.902,85.092,68.731,67.131,70.314,21.095,19.916,22.186,9.608,8.803,10.244,0.209,1.827,113.902,0.257,2.234,13.109,16.784,9.128,47.765,57.732,37.214,19.705,25.088,13.934,45.104,55.012,34.617,39.998,3.799
United Kingdom,2022,67394.305,67508.936,33360.472,34148.463,278.111,97.692,39.847,63.477,0.941,229.261,0.34,...,676.887,18.638,10.039,1.566,0.756,30.637,105.5,613.41,304.21,309.2,9.098,82.156,80.439,83.834,67.512,65.815,69.165,20.614,19.469,21.664,9.539,8.856,10.078,2.177,3.214,675.022,2.548,3.739,16.722,20.819,12.499,67.555,81.752,53.37,28.669,36.127,21.143,63.419,77.345,49.532,165.79,2.459
Albania,2022,2847.853,2842.321,1417.813,1424.507,103.742,99.53,37.581,-3.068,-1.078,-11.064,-0.389,...,28.795,1.275,10.116,1.376,0.654,28.971,107.2,31.863,18.601,13.261,11.194,76.833,74.502,79.472,62.675,60.352,65.304,16.501,15.098,18.094,7.001,6.204,7.854,0.235,8.186,28.591,0.262,9.157,27.544,32.086,22.709,99.317,128.238,70.424,39.528,51.066,27.794,89.15,118.03,60.363,-8,-2.81
Andorra,2022,79.688,79.824,40.786,39.038,169.838,104.478,42.926,0.073,0.911,0.272,0.341,...,0.575,0.011,7.204,1.135,0.545,32.032,106.2,0.502,0.279,0.224,6.293,83.552,81.43,85.838,69.143,67.018,71.433,21.112,19.322,22.968,9.959,8.713,11.003,0.003,5.356,0.572,0.003,6.215,13.642,14.474,12.731,44.935,53.73,35.505,14.57,16.508,12.531,38.042,46.754,28.694,0.2,2.505
Bosnia and Herzegovina,2022,3246.045,3233.526,1591.814,1641.713,63.159,96.961,42.045,-24.534,-7.587,-25.037,-0.774,...,26.764,0.766,8.278,1.346,0.646,29.192,106.8,51.298,26.354,24.944,15.865,75.293,73.126,77.498,60.749,58.613,62.915,14.214,12.744,15.556,6.026,5.503,6.411,0.131,4.871,26.652,0.152,5.574,12.748,14.968,10.405,90.244,114.724,65.108,22.585,27.978,17.008,84.646,108.709,59.991,-0.5,-0.155
Croatia,2022,4041.171,4030.358,1963.04,2067.318,72.105,94.956,43.951,-19.618,-4.867,-21.627,-0.537,...,33.924,0.78,8.415,1.445,0.697,30.581,106,53.542,25.755,27.787,13.282,79.236,76.415,82,64.587,61.796,67.317,17.821,15.986,19.376,7.967,7.301,8.358,0.104,3.044,33.836,0.135,3.922,12.136,15.439,8.58,74.824,103.122,45.757,22.636,30.825,13.924,70.614,98.538,41.98,-2,-0.496
Gibraltar,2022,32.625,32.649,16.308,16.341,3264.9,99.792,41.905,0.067,2.053,0.048,0.147,...,0.345,0.01,10.564,1.837,0.873,30.271,106.5,0.278,0.138,0.14,8.511,82.83,80.93,84.691,68.947,67.094,70.753,21.744,20.41,22.96,10.569,9.625,11.241,0.003,8.917,0.342,0.004,11.304,28.88,33.587,23.887,66.688,79.482,53.579,27.509,33.524,21.269,53.756,65.868,41.399,-0.024,-0.735
Greece,2022,10409.612,10384.971,5082.397,5302.574,79.384,95.848,45.101,-54.288,-5.229,-49.282,-0.475,...,77.141,2.178,7.431,1.373,0.661,31.644,106.4,131.429,74.401,57.029,12.66,80.614,78.022,83.317,65.969,63.4,68.645,19.269,17.756,20.806,8.862,8.027,9.711,0.261,3.367,76.918,0.305,3.89,15.077,20.102,9.812,74.051,101.88,47.103,26.423,36.931,15.794,69.871,97.409,43.269,5,0.482
Holy See,2022,0.508,0.51,...,...,1160.227,...,...,...,...,0.005,0.979,70.802,...,...,...,...,...,...,...,...,...,...,...,...,...,...,...,...,...,...,...,...,...,...,...,...,...,...,...,...,...,...,...,...,...,...,...,...,...,...,...,...,...,...
Italy,2022,59119.4,59037.474,28788.875,30248.599,199.468,95.174,47.265,-222.349,-3.768,-163.852,-0.278,...,407.303,5.378,6.903,1.29,0.623,32.017,105.9,629.652,301.063,328.589,10.671,84.057,81.974,86,69.316,67.244,71.245,21.6,20.012,22.976,9.947,8.987,10.631,0.871,2.136,406.559,1.048,2.557,10.669,13.493,7.684,47.541,59.444,35.602,17.688,22.661,12.566,44.523,56.249,32.778,58.496,0.991
Kosovo (under UNSC res. 1244),2022,1657.76,1659.714,827.139,832.574,152.197,99.347,31.021,8.908,5.359,3.907,0.235,...,18.397,0.582,11.068,1.51,0.722,29.954,106.9,9.489,5.017,4.472,5.709,79.524,77.211,81.742,65.141,62.843,67.339,18.36,16.727,19.808,8.894,8.002,9.54,0.114,6.174,18.299,0.133,7.233,16.751,19.144,14.167,76.507,96.504,57.59,24.831,30.746,19.074,69.23,88.98,50.617,-5,-3.008
Malta,2022,532.375,533.286,278.002,255.284,1692.971,108.899,39.293,0.974,1.828,1.822,0.342,...,4.857,0.119,9.115,1.199,0.576,30.751,106.7,3.883,2.026,1.857,7.287,83.704,81.644,85.703,69.237,67.175,71.236,21.356,19.616,22.914,10.179,8.79,11.205,0.026,5.341,4.835,0.029,5.959,10.929,12.267,9.336,44.45,53.791,33.884,12.515,15.387,9.082,38.292,47.57,27.791,0.85,1.595
Montenegro,2022,627.512,627.082,305.349,321.733,45.401,94.907,38.437,-0.382,-0.609,-0.859,-0.137,...,6.859,0.178,10.934,1.677,0.805,30.095,107.1,7.241,3.863,3.378,11.543,76.845,73.48,80.262,62.037,58.687,65.436,16.212,13.773,18.405,7.41,5.795,8.457,0.008,1.204,6.852,0.013,1.846,14,17.655,10.173,100.197,134.131,66.853,31.855,41.841,22,97.829,131.554,64.744,-0.48,-0.765
North Macedonia,2022,2098.541,2093.599,1043.525,1050.073,84.036,99.376,38.544,-8.897,-4.248,-9.885,-0.472,...,19.992,0.93,9.547,1.374,0.655,28.831,107.7,28.889,15.087,13.801,13.795,73.888,71.733,76.16,59.434,57.32,61.658,13.337,11.915,14.692,5.222,4.524,5.724,0.099,4.935,19.907,0.136,6.723,17.334,19.813,14.697,107.823,134.748,79.946,30.643,37.417,23.515,101.084,127.5,73.811,-1,-0.478
Portugal,2022,10282.222,10270.865,4846.168,5424.697,111.658,89.335,45.369,-32.711,-3.187,-22.714,-0.221,...,80.033,1.829,7.796,1.366,0.661,31.501,105.5,112.744,55.307,57.437,10.983,82.24,79.308,84.93,67.526,64.61,70.195,20.663,18.777,22.224,9.332,8.34,9.988,0.193,2.408,79.868,0.238,2.93,13.156,16.972,9.346,68.929,96.454,43.455,25.722,35.286,16.705,65.596,92.907,40.38,9.999,0.974
San Marino,2022,33.669,33.66,16.38,17.281,551.811,94.789,46.765,-0.123,-3.681,-0.017,-0.051,...,0.2,0.003,5.936,1.138,0.548,32.229,106.6,0.323,0.154,0.17,9.617,83.433,82.036,84.733,68.722,67.332,70.013,20.561,19.434,21.564,9.171,8.488,9.697,0,2.389,0.2,0.001,3.04,8.654,10.544,6.653,39.147,45.574,32.946,12.618,15.203,10.008,35.736,42.032,29.674,0.1,2.975
Serbia,2022,7261.591,7221.365,3461.266,3760.099,94.107,92.053,43.014,-70.446,-9.749,-80.451,-1.114,...,66.557,2.482,9.211,1.529,0.732,29.613,106.9,137.003,67.145,69.858,18.96,74.137,71.276,76.975,59.606,56.767,62.417,13.785,11.924,15.347,6.003,5.066,6.59,0.295,4.42,66.304,0.384,5.711,17.47,21.542,13.2,113.204,151.382,74.584,34.943,47.761,21.708,107.462,145.39,69.17,-9.999,-1.384
Slovenia,2022,2119.789,2119.844,1065.614,1054.229,105.266,101.08,43.536,-1.901,-0.898,0.11,0.005,...,18.836,0.208,8.89,1.628,0.786,30.414,106.4,20.737,10.205,10.532,9.788,82.133,79.626,84.616,67.311,64.804,69.793,19.914,18.082,21.518,9.328,8.388,9.913,0.027,1.418,18.813,0.036,1.874,7.277,9.019,5.303,54,72.128,34.348,15.586,20.581,9.949,51.898,69.998,32.279,2,0.944
Spain,2022,47576.21,47558.63,23309.062,24249.568,94.672,96.122,44.322,-75.154,-1.58,-35.161,-0.074,...,356.359,7.721,7.497,1.286,0.62,32.13,106.3,431.513,218.185,213.328,9.077,83.912,81.2,86.549,69.178,66.488,71.789,21.737,19.713,23.552,10.123,9.032,10.906,0.778,2.177,355.696,0.946,2.639,10.321,13.17,7.387,53.73,70.854,36.379,18.003,23.52,12.366,50.637,67.462,33.62,39.998,0.841
Austria,2022,8929.716,8939.617,4401.207,4538.41,108.334,96.977,42.935,-0.191,-0.022,19.802,0.222,...,84.394,1.103,9.451,1.474,0.713,31.029,105.5,84.585,41.609,42.976,9.473,82.412,80.15,84.6,67.704,65.463,69.867,20.512,18.916,21.915,9.424,8.618,9.991,0.211,2.495,84.214,0.256,3.026,13.224,17.051,9.206,59.34,75.885,42.38,21.913,28.592,15.051,55.917,72.169,39.282,19.999,2.24
Belgium,2022,11640.679,11655.93,5759.3,5896.63,384.964,97.671,41.042,6.506,0.558,30.502,0.262,...,117.003,1.63,10.048,1.588,0.77,30.867,104.8,110.497,53.881,56.616,9.49,82.293,80.16,84.367,67.622,65.513,69.669,20.671,19.105,22.07,9.609,8.719,10.239,0.335,2.867,116.716,0.4,3.416,14.801,18.847,10.635,64.661,79.151,49.657,24.911,31.561,18.073,60.824,74.995,46.169,23.999,2.061
France,2022,64560.542,64626.628,31230.994,33395.635,117.209,93.518,41.795,65.574,1.015,132.172,0.205,...,672.88,18.066,10.416,1.788,0.866,30.624,104.9,607.306,298.749,308.556,9.401,83.229,80.356,85.967,68.606,65.748,71.323,22.004,20.027,23.704,10.569,9.383,11.383,2.212,3.298,670.978,2.625,3.914,16.112,21.204,11.068,71.682,93.913,49.663,27.522,37.02,18.161,67.383,89.371,45.643,66.601,1.031
Germany,2022,83426.789,83369.843,41136.302,42233.541,239.184,97.402,44.848,-268.471,-3.223,-113.892,-0.137,...,761.194,13.223,9.139,1.533,0.74,31.228,105.6,1029.665,519.305,510.36,12.362,80.989,78.512,83.487,66.328,63.87,68.805,19.629,17.88,21.237,9.088,8.147,9.78,2.257,2.961,759.263,2.699,3.523,14.703,18.347,10.794,71.682,91.429,51.172,25.375,32.911,17.515,67.678,87.167,47.456,154.592,1.856
Liechtenstein,2022,39.196,39.327,19.502,19.825,245.794,98.371,43.896,0.11,2.812,0.262,0.666,104.076,0.361,0.003,9.202,1.492,0.683,31.97,116.3,0.251,0.128,0.122,6.39,84.656,83.019,86.129,70.214,68.543,71.721,21.942,20.489,23.197,10.475,9.456,11.176,0.002,4.99,0.359,0.002,5.808,12.321,12.222,12.418,38.994,44.004,34.154,12.644,13.341,11.952,32.54,37.845,27.394,0.15,3.821
Luxembourg,2022,643.922,647.599,325.939,321.66,250.038,101.33,38.994,2.133,3.307,7.354,1.136,61.016,6.675,0.069,10.349,1.393,0.675,32.186,105.2,4.542,2.322,2.22,7.042,82.591,80.445,84.77,67.927,65.87,70.008,20.642,19.158,22.006,9.823,8.952,10.437,0.02,3.051,6.658,0.024,3.636,11.302,14.494,7.963,57.415,73.092,40.385,18.691,23.512,13.673,53.498,68.115,37.619,5.222,8.096
Monaco,2022,36.561,36.469,17.872,18.596,24475.839,96.107,54.46,-0.387,-10.645,-0.184,-0.505,...,0.319,0.004,8.775,2.091,1.014,31.036,104.8,0.706,0.36,0.346,19.42,86.895,85.055,88.881,72.309,70.465,74.3,23.635,22.03,25.358,11.588,10.443,12.722,0.001,3.624,0.318,0.001,4.21,8.901,9.326,8.456,28.368,33.704,23.155,9.091,10.192,8.04,23.649,28.959,18.464,0.2,5.499
Netherlands,2022,17536.553,17564.014,8729.739,8834.274,521.636,98.817,41.829,24.932,1.421,54.922,0.313,...,181.387,1.342,10.336,1.637,0.792,31.57,105.2,156.455,77.176,79.279,8.915,82.451,80.944,83.904,67.778,66.289,69.212,20.353,19.129,21.479,9.141,8.334,9.755,0.545,3.005,180.92,0.628,3.48,12.321,14.695,9.865,55.442,62.845,47.908,19.604,23.258,15.891,51.603,58.749,44.344,29.998,1.709
Switzerland,2022,8712.018,8740.472,4340.435,4400.037,218.556,98.645,42.094,16.914,1.94,56.908,0.651,106.474,86.479,0.449,9.917,1.498,0.725,32.032,105.1,69.565,33.639,35.926,7.977,84.255,82.484,85.932,69.595,67.828,71.266,21.777,20.442,22.947,10.018,9.204,10.608,0.268,3.097,86.249,0.306,3.535,11.401,13.974,8.707,45.612,55.566,35.337,16.501,20.905,11.947,41.677,51.533,31.509,39.998,4.587
Anguilla,2022,15.831,15.857,7.76,8.097,180.193,95.838,37.334,0.047,2.98,0.052,0.328,...,0.15,0.013,9.447,1.278,0.621,28.259,103.6,0.103,0.064,0.038,6.467,77.442,74.136,81.156,63.1,59.84,66.763,17.215,15.465,19.18,7.662,6.907,8.364,0.001,6.082,0.149,0.001,7.267,26.169,38.062,14.638,101.4,144.188,58.08,39.533,60.197,19.158,93.549,135.779,50.892,0,0
Antigua and Barbuda,2022,93.488,93.763,44.782,48.981,213.098,91.427,35.089,0.553,5.89,0.55,0.587,118.083,1.124,0.101,11.984,1.58,0.769,28.052,103.2,0.571,0.293,0.278,6.094,79.236,76.507,81.645,64.814,62.117,67.183,18.7,16.832,20.192,8.964,7.737,9.756,0.006,4.953,1.119,0.007,6.128,22.347,28.476,16.264,88.414,112.229,67.036,31.548,41.618,22.002,81.565,104.913,60.727,0,0
Aruba,2022,106.572,106.445,50.173,56.272,591.361,89.162,41.468,-0.416,-3.906,-0.254,-0.239,...,0.763,0.047,7.178,1.179,0.566,29.614,104.3,1.179,0.614,0.565,11.084,74.992,72.145,77.681,61.241,58.487,63.818,15.514,13.853,16.942,6.316,5.234,7.003,0.01,12.554,0.755,0.011,14.577,36.786,46.502,27.079,115.848,153.372,81.647,43.635,60.118,28.702,100.781,137.216,67.946,0.164,1.542
Bahamas,2022,408.647,409.984,195.817,214.167,76.518,91.432,32.791,1.671,4.081,2.674,0.652,106.311,4.659,0.417,11.379,1.38,0.665,28.545,102.8,2.988,1.654,1.334,7.298,74.358,70.757,77.843,60.407,56.859,63.825,17.75,15.91,19.285,8.785,7.626,9.558,0.047,10.109,4.618,0.055,11.901,59.144,78.507,40.569,181.028,231.923,132.191,89.912,119.958,61.462,169.131,219.573,120.957,1,2.442
Barbados,2022,281.44,281.635,135.084,146.55,654.965,92.176,39.207,0.47,1.669,0.39,0.138,...,3.037,0.373,10.783,1.634,0.788,27.896,103.5,2.567,1.273,1.294,9.114,77.706,75.677,79.581,63.73,61.794,65.497,18.077,16.876,19.083,7.148,6.741,7.427,0.032,10.405,3.009,0.035,11.497,37.615,44.393,30.818,112.475,133.701,92.499,50.215,59.336,41.459,100.496,120.529,81.857,-0.08,-0.284
"Bonaire, Sint Eustatius and Saba",2022,26.969,27.026,13.827,13.2,82.398,104.754,39.576,0.009,0.344,0.115,0.426,...,0.287,0.015,10.651,1.647,0.787,28.911,105,0.278,0.167,0.111,10.307,75.436,73.212,78.223,61.727,59.616,64.393,15.751,14.258,17.6,6.751,5.908,7.565,0.004,12.812,0.284,0.004,14.879,33.421,38.027,28.563,110.401,132.952,85.146,37.325,43.53,30.716,94.827,115.923,71.16,0.1,3.707
British Virgin Islands,2022,31.184,31.305,15.062,16.242,203.276,92.732,38.757,0.035,1.125,0.241,0.77,90.019,0.238,0.015,7.64,1.015,0.486,28.641,105.3,0.203,0.118,0.086,6.515,76.373,73.622,79.256,62.755,60.243,65.363,16.354,14.768,17.932,7.048,6.284,7.627,0.003,13.733,0.235,0.004,16.182,31.727,42.077,21.648,98.608,128.713,69.23,31.528,43.152,20.992,81.977,109.081,56.023,0.2,6.409
Cayman Islands,2022,68.393,68.706,34.669,34.036,285.085,101.858,37.694,0.219,3.203,0.625,0.91,76.17,0.669,0.013,9.767,1.216,0.585,30.999,103.6,0.45,0.259,0.191,6.564,75.555,73.234,78.124,61.368,59.164,63.807,16.423,14.817,18.106,7.351,6.533,8.014,0.005,7.336,0.665,0.006,8.757,35.482,41.314,29.277,128.007,150.145,104.153,52.581,60.298,44.29,118.299,139.003,96.011,0.4,5.839
Cuba,2022,11220.585,11212.191,5562.694,5649.497,105.024,98.464,41.219,-10.792,-0.963,-16.788,-0.15,...,99.693,14.5,8.889,1.449,0.692,26.154,107.2,110.485,59.144,51.341,9.852,78.155,75.793,80.565,63.675,61.356,66.034,18.192,16.757,19.529,8.878,8.141,9.474,0.401,4.017,99.349,0.507,5.001,25.081,31.018,18.747,104.797,131.835,77.352,41.034,52.442,29.132,98.579,125.079,71.766,-6,-0.535
Curaçao,2022,190.703,191.163,91.647,99.516,450.857,92.093,36.063,0.406,2.125,0.921,0.482,...,2.183,0.148,11.435,1.647,0.792,28.948,104.8,1.777,0.953,0.824,9.31,76.651,72.698,80.277,62.558,58.71,66.05,16.714,14.067,18.82,7.409,5.872,8.282,0.017,7.85,2.167,0.02,9.369,31.252,39.947,21.569,105.882,147.609,68.262,40.628,55.489,25.922,94.929,135.232,59.051,0.515,2.697
Dominica,2022,72.6,72.737,36.161,36.577,96.983,98.864,31.947,0.317,4.357,0.275,0.378,...,0.966,0.105,13.278,1.588,0.764,28.159,103.6,0.649,0.369,0.28,8.921,72.981,69.875,76.451,59.173,56.402,62.269,14.881,12.953,16.825,6.539,5.515,7.278,0.011,11.42,0.956,0.013,13.571,45.231,57.873,32.383,154.923,191.477,115.861,62.403,75.77,48.781,140.666,173.268,106.065,-0.04,-0.55
Dominican Republic,2022,11175.767,11228.821,5634.261,5594.56,232.428,100.71,27.426,135.404,12.043,106.108,0.945,73.349,203.625,30.062,18.111,2.247,1.06,26.861,104.4,68.221,39.171,29.05,6.068,74.17,71.044,77.536,61.583,58.612,64.769,17.944,16.439,19.408,9.06,8.346,9.611,4.963,24.351,199.209,6.168,30.19,70.321,88.314,51.498,169.282,211.277,124.734,75.641,100.136,49.95,141.88,182.338,99.21,-29.294,-2.606
Grenada,2022,125.053,125.438,62.721,62.717,368.934,100.007,31.226,0.963,7.674,0.769,0.613,113.075,1.96,0.139,15.616,1.986,0.953,29.056,104,0.997,0.54,0.457,7.942,75.335,72.588,78.298,61.579,58.89,64.473,17.111,15.365,18.789,8.069,7.091,8.753,0.024,12.287,1.939,0.03,15.038,36.424,42.313,30.393,140.529,173.6,105.379,50.776,63.041,37.904,126.072,158.459,91.726,-0.2,-1.593
Guadeloupe,2022,395.917,395.752,178.983,216.769,243.091,82.568,42.235,0.468,1.181,-0.329,-0.083,...,4.518,0.131,11.404,2.033,0.99,31.248,103.4,4.05,2.076,1.974,10.223,80.799,77.251,83.896,66.231,62.717,69.283,20.254,18.095,22.072,10.219,9.044,11.056,0.02,4.384,4.501,0.022,4.805,20.447,28.346,13.821,87.375,125.637,57.932,35.234,52.238,23.027,82.414,120.253,53.512,-0.8,-2.019
Haiti,2022,11516.043,11584.996,5738.71,5846.285,420.218,98.16,23.247,170.149,14.666,137.905,1.19,58.248,268.523,29.646,23.146,2.773,1.249,29.489,103,98.374,54.048,44.326,8.48,63.728,60.892,66.695,53.285,50.793,55.856,12.303,11.232,13.236,5.179,4.721,5.491,11.649,43.375,258.823,15.22,56.675,132.565,155.518,108.907,293.635,346.441,238.585,126.183,154.824,96.958,241.185,291.572,189.498,-32.248,-2.78
Jamaica,2022,2828.991,2827.377,1402.379,1424.998,261.069,98.413,31.296,7.773,2.744,-3.228,-0.114,...,32.663,3.587,11.531,1.34,0.643,27.932,103.9,24.89,13.193,11.697,8.787,70.629,68.532,72.737,56.738,54.754,58.718,13.331,12.433,14.13,5.554,5.34,5.726,0.369,11.279,32.341,0.444,13.5,48.787,61.412,35.584,189.572,225.912,153.383,77.551,95.906,58.553,176.485,211.684,141.668,-10.999,-3.883
Martinique,2022,367.76,367.507,169.159,198.349,346.705,85.283,46.614,0.145,0.393,-0.506,-0.138,...,3.508,0.131,9.536,1.906,0.93,30.709,102.6,3.363,1.705,1.658,9.143,83.305,80.275,85.966,69.114,66.143,71.702,22.17,20.208,23.806,10.605,9.442,11.436,0.022,6.246,3.489,0.031,8.787,20.48,25.57,15.639,70.086,96.14,48.757,25.758,36.083,17.483,60.872,86.151,40.445,-0.65,-1.767
Montserrat,2022,4.389,4.39,2.317,2.074,42.621,111.719,43.404,-0.01,-2.188,0.002,0.046,...,0.04,0.008,9.071,1.565,0.75,27.479,104.3,0.05,0.03,0.02,11.259,75.849,74.52,77.541,61.913,60.388,63.824,16.105,15.328,17.148,6.97,6.704,7.303,0,10.321,0.04,0,12.289,32.596,34.892,28.974,110.013,128.891,90.741,40.968,49.452,30.892,97.219,118.433,75.398,0,0
Puerto Rico,2022,3249.144,3252.407,1534.139,1718.267,374.184,89.284,44.308,-10.172,-3.136,6.526,0.201,...,26.058,1.568,8.033,1.283,0.618,27.192,105.2,36.23,20.352,15.878,11.169,79.72,75.578,83.897,65.463,61.357,69.592,20.247,17.917,22.387,10.548,9.178,11.643,0.179,6.843,25.904,0.22,8.444,29.4,42.931,16.66,107.553,156.091,61.325,43.309,67.64,20.704,99.069,147.199,53.416,16.702,5.149
Saint Barthélemy,2022,10.955,10.967,5.756,5.211,498.5,110.459,39.08,0.031,2.759,0.024,0.219,...,0.092,0.001,8.352,1.021,0.494,30.273,104,0.061,0.034,0.027,5.593,80.643,77.595,83.733,66.45,63.462,69.468,19.244,16.732,21.4,8.971,7.205,9.934,0.001,7.567,0.091,0.001,8.749,19.626,22.604,16.423,67.436,83.769,46.408,21.75,26.192,16.556,57.899,73.302,37.861,0,0
Saint Kitts and Nevis,2022,47.609,47.657,23.011,24.646,183.298,93.364,34.436,0.083,1.745,0.097,0.204,...,0.563,0.06,11.823,1.512,0.724,27.658,103.7,0.48,0.273,0.207,10.078,72.027,68.682,75.666,57.981,54.442,61.842,14.692,13.03,16.396,6.592,5.939,7.059,0.004,7.825,0.559,0.006,10.236,51.328,66.276,37.478,179.871,237.995,121.134,79.528,111.647,48.59,168.518,229.033,107.04,0.02,0.42
Saint Lucia,2022,179.752,179.857,88.948,90.909,291.976,97.843,33.501,0.209,1.165,0.211,0.117,...,2.035,0.225,11.316,1.387,0.668,28.016,103.1,1.826,1.023,0.803,10.151,71.294,68.005,74.887,57.533,54.341,61.014,13.758,12.05,15.402,5.737,5.019,6.25,0.024,11.934,2.014,0.03,14.565,50.106,66.138,33.474,175.955,228.605,121.098,72.07,97.36,45.97,161.17,212.896,107.522,0,0
Saint Martin (French part),2022,31.639,31.791,15.111,16.68,599.83,90.599,38.848,0.296,9.313,0.304,0.956,72.505,0.458,0.013,14.414,2.385,1.154,30.436,104,0.162,0.097,0.065,5.101,80.55,77.502,83.658,66.37,63.382,69.406,19.074,16.675,21.352,8.584,7.175,9.907,0.004,7.696,0.455,0.004,8.898,19.777,22.894,16.647,64.976,84.577,46.881,21.09,26.434,16.704,55.26,73.953,38.191,0,0
Saint Vincent and the Grenadines,2022,104.111,103.948,52.928,51.02,266.532,103.741,33.084,-0.133,-1.278,-0.327,-0.315,...,1.324,0.169,12.726,1.778,0.853,28.042,103.3,1.457,0.834,0.623,14.004,68.972,66.693,71.731,55.122,52.9,57.822,12.978,11.834,14.33,5.843,5.384,6.315,0.017,12.467,1.31,0.02,14.853,51.513,63.366,39.163,227.766,269.928,180.287,94.646,118.202,69.944,214.57,256.369,167.534,-0.2,-1.922
Sint Maarten (Dutch part),2022,44.168,44.175,23.649,20.526,1299.265,115.22,47.139,0.014,0.316,0.014,0.032,...,0.36,0.048,8.152,1.572,0.754,28.966,103.9,0.346,0.206,0.14,7.836,74.409,71.958,77.141,60.82,58.509,63.356,15.254,13.59,16.846,6.301,5.578,7.127,0.005,13.94,0.355,0.006,16.246,37.653,42.725,30.29,123.911,149.785,94.076,43.531,49.686,33.807,106.873,130.994,79.494,0,0
Trinidad and Tobago,2022,1528.932,1531.044,755.09,775.955,298.449,97.311,35.945,5.031,3.285,4.225,0.276,...,17.429,1.824,11.382,1.614,0.772,27.731,104.1,12.398,6.876,5.522,8.097,74.708,71.307,78.153,61.134,57.805,64.489,17.681,15.646,19.413,9.013,7.664,9.889,0.261,14.957,17.199,0.298,16.958,52.791,67.583,37.241,165.635,207.201,122.486,71.278,93.307,48.247,149.38,190.175,107.204,-0.8,-0.522
Turks and Caicos Islands,2022,45.529,45.703,23.006,22.697,48.108,101.364,37.71,0.148,3.23,0.347,0.759,91.324,0.56,0.022,12.27,1.658,0.794,30.714,104.9,0.412,0.231,0.181,9.04,74.925,72.165,77.986,61.103,58.601,63.88,15.584,13.908,17.298,6.702,5.908,7.392,0.006,11.389,0.554,0.008,13.639,34.33,44.797,23.777,120.963,151.238,88.037,43.139,54.245,31.155,106.792,133.891,77.332,0.2,4.386
United States Virgin Islands,2022,99.84,99.465,46.364,53.1,284.186,87.315,42.804,-0.293,-2.943,-0.75,-0.754,...,1.118,0.082,11.212,2.11,1.023,27.845,103.9,1.411,0.848,0.563,14.155,75.066,69.831,80.866,60.804,55.712,66.426,15.992,12.897,19.078,7.188,5.412,8.474,0.006,5.305,1.112,0.007,6.196,36.646,56.682,17.83,131.058,201.291,62.603,54.703,87.827,24.097,121.997,190.398,55.91,-0.45,-4.514
Belize,2022,402.647,405.272,203.747,201.525,17.767,101.102,25.557,4.661,11.51,5.251,1.296,53.484,7.193,1.083,17.763,1.989,0.947,27.191,105.2,2.532,1.549,0.984,6.253,70.962,67.721,74.685,57.008,53.825,60.662,15.302,14.093,16.684,7.082,6.346,7.854,0.072,10.075,7.13,0.087,12.042,68.513,93.433,42.622,216.953,274.201,155.916,101.634,140.048,61.895,204.997,261.877,144.538,0.6,1.481
Costa Rica,2022,5167.063,5180.829,2590.709,2590.119,101.466,100.023,33.336,23.683,4.573,27.532,0.531,130.536,60.517,6.422,11.686,1.522,0.735,28.01,104.5,36.834,20.494,16.34,7.113,77.32,74.762,80.036,63.036,60.506,65.718,17.431,16.069,18.776,7.218,6.418,7.906,0.415,6.845,60.159,0.489,7.998,32.626,44.314,20.364,106.615,138.849,73.255,47.152,65.804,27.728,98.12,130.016,65.167,3.85,0.743
El Salvador,2022,6323.795,6336.392,3016.535,3319.856,305.81,90.863,26.683,48.435,7.63,25.194,0.398,...,100.313,15.092,15.803,1.785,0.852,27.162,104.8,51.878,28.233,23.646,8.173,71.475,66.837,75.813,57.516,52.903,61.806,15.897,14.403,17.065,7.168,6.467,7.657,0.993,9.895,99.449,1.185,11.777,74.404,111.996,37.157,213.111,301.709,134.115,112.031,176.182,53.675,201.217,290.111,122.386,-23.249,-3.662
Guatemala,2022,17722.702,17843.908,8830.909,9012.999,166.516,97.98,22.418,251.554,14.094,242.412,1.359,51.004,372.335,58.796,20.861,2.354,1.11,27.854,103.9,120.781,67.174,53.607,6.767,68.674,65.697,71.754,55.555,52.645,58.552,14.359,13.065,15.629,6.916,6.133,7.64,7.381,19.825,365.758,8.926,23.833,78.627,99.078,57.54,246.759,301.32,193.957,111.47,146.321,76.549,225.569,280.029,173.23,-9.128,-0.511
Honduras,2022,10354.955,10432.86,5267.354,5165.506,95.649,101.972,23.778,161.194,15.446,155.809,1.493,46.426,217.59,37.198,20.85,2.34,1.111,27.202,105.1,56.396,31.483,24.913,5.404,70.728,68.461,73.157,57.031,54.857,59.355,13.396,12.031,14.764,5.708,5.063,6.183,2.775,12.763,215.156,3.34,15.391,50.543,59.073,41.588,182.55,215.193,149.664,71.949,84.74,58.669,166.999,198.67,135.295,-5.374,-0.515
Mexico,2022,127024.134,127504.125,62194.954,65309.171,65.078,95.232,29.387,1011.377,7.931,959.983,0.753,92.051,1866.399,288.302,14.636,1.803,0.866,26.972,103.9,855.022,480.241,374.782,6.705,74.832,71.547,78.161,60.976,57.776,64.205,17.403,16.159,18.554,8.073,7.41,8.626,20.34,10.887,1848.667,24.24,12.881,56.097,79.613,32.784,158.506,210.91,106.846,76.622,112.196,41.773,145.256,196.939,94.594,-51.399,-0.403
Nicaragua,2022,6898.994,6948.392,3423.787,3524.605,57.74,97.14,24.893,106.805,15.363,98.796,1.422,48.745,139.164,26.977,20.018,2.284,1.097,26.636,103.5,32.359,18.113,14.246,4.655,74.615,71.613,77.556,60.897,58.015,63.697,16.664,15.318,17.794,6.854,6.185,7.317,1.709,12.271,137.669,2.047,14.664,51.355,68.64,34.029,150.436,196.345,105.15,68.58,96.648,41.026,135.445,180.183,91.63,-8,-1.151
Panama,2022,4379.282,4408.581,2204.41,2204.17,59.433,100.011,29.081,50.633,11.496,58.597,1.329,52.156,76.637,12.082,17.4,2.297,1.09,27.022,105.5,26.004,14.753,11.25,5.904,76.826,73.726,80.091,63.346,60.379,66.454,19.028,17.463,20.518,9.505,8.614,10.227,0.975,12.711,75.783,1.285,16.721,57.475,76.258,37.824,136.357,173.213,97.949,64.503,87.448,40.657,118.751,154.067,82.182,7.967,1.809
Argentina,2022,45389.937,45510.318,22530.617,22979.701,16.301,98.046,31.567,236.876,5.205,240.762,0.529,131.03,627.741,64.435,13.794,1.876,0.898,28.802,105.1,390.865,203.278,187.588,8.589,76.064,72.851,79.277,61.961,58.769,65.145,17.023,14.604,19.153,8.479,6.753,9.562,5.542,8.825,622.93,6.486,10.272,36.114,44.183,27.637,124.554,153.387,94.937,50.67,63.528,37.276,113.958,142.424,84.787,3.886,0.085
Bolivia (Plurinational State of),2022,12148.966,12224.11,6126.364,6097.747,11.284,100.469,24.134,153.283,12.537,150.288,1.229,56.399,264.07,36.767,21.599,2.584,1.2,28.321,104.2,110.787,61.892,48.895,9.062,64.928,62.265,67.907,52.522,49.927,55.422,10.96,9.564,12.313,4.754,4.187,5.157,6.586,24.939,258.219,8.746,33.18,86.485,99.888,72.523,277.678,331.741,220.018,108.402,131.568,84.365,247.807,302.057,190.222,-3,-0.245
Brazil,2022,214824.774,215313.498,105733.027,109580.471,25.761,96.489,33.209,971.034,4.51,977.448,0.454,...,2723.266,336.14,12.649,1.626,0.777,27.778,104.5,1752.232,955.048,797.184,8.139,73.425,70.296,76.596,59.593,56.536,62.676,16.158,14.666,17.443,6.739,5.963,7.276,33.431,12.256,2694.048,37.913,13.825,55.482,73.337,36.981,170.103,217.213,122.274,80.288,107.964,52.011,156.567,203.038,109.601,6.425,0.03
Chile,2022,19592.428,19603.733,9729.531,9874.202,26.036,98.535,35.246,89.456,4.556,22.61,0.115,...,230.824,13.544,11.755,1.539,0.744,29.485,104.2,141.368,73.622,67.746,7.199,79.519,77.156,81.877,65.073,62.702,67.439,19.342,17.913,20.625,9.333,8.547,9.896,1.142,4.947,229.841,1.344,5.824,26.749,33.862,19.411,97.772,123.63,71.309,41.253,54.274,27.832,91.29,117.232,64.749,-66.85,-3.404
Colombia,2022,51788.827,51874.024,25575.607,26298.417,46.164,97.252,31.171,338.317,6.512,170.394,0.328,...,723.264,113.984,13.921,1.692,0.808,26.978,104.5,384.947,217.744,167.203,7.409,73.659,70.319,77.143,59.822,56.55,63.221,16.378,14.819,17.816,6.968,6.214,7.532,7.888,10.886,716.393,9.371,12.887,61.589,85.253,37.092,162.683,209.903,114.286,81.25,113.715,47.952,149.006,195.552,101.507,-167.924,-3.232
Ecuador,2022,17905.446,18001,8984.602,9016.398,72.479,99.647,27.926,211.316,11.733,191.108,1.062,65.268,298.666,47.741,16.583,2.003,0.958,27.441,104.7,87.35,47.874,39.476,4.85,77.894,75.313,80.481,64.133,61.678,66.573,19.079,17.747,20.256,8.69,7.831,9.334,3.194,10.69,295.881,3.788,12.661,48.723,64.442,32.383,118.677,147.994,88.497,56.364,75.754,36.389,104.178,132,75.706,-20.206,-1.122
Falkland Islands (Malvinas),2022,3.771,3.78,1.897,1.883,0.311,100.717,39.913,0.015,3.949,0.017,0.45,...,0.042,0.002,11.088,1.58,0.765,29.685,103,0.027,0.015,0.012,7.139,79.243,77.358,81.236,65.192,63.277,67.214,18.123,16.578,19.681,8.013,7.135,8.846,0,9.047,0.042,0,10.48,22.866,23.462,22.328,74.98,85.391,62.582,24.413,26.453,22.382,63.67,74.28,51.061,0,0
French Guiana,2022,300.769,304.557,151.337,153.22,3.705,98.77,23.807,6.374,20.967,7.576,2.488,27.86,7.573,0.789,24.913,3.469,1.682,29.584,103.7,1.199,0.709,0.49,3.946,77.452,74.763,80.32,63.256,60.667,66.011,17.058,15.434,18.708,7.547,6.737,8.128,0.057,7.553,7.523,0.068,8.998,25.629,34.025,17.347,95.321,124.507,66.143,34.556,46.873,22.585,85.687,113.61,57.933,1.2,3.947
Guyana,2022,806.572,808.726,395.982,412.743,4.108,95.939,25.713,8.216,10.135,4.307,0.533,130.046,16.129,2.313,19.897,2.369,1.112,27.288,103.7,7.913,4.418,3.495,9.762,65.989,62.778,69.399,53.105,50.045,56.337,12.871,11.338,14.311,6.462,5.63,7.085,0.381,23.559,15.79,0.465,28.757,89.325,108.17,70.965,290.35,355.097,225.403,127.762,162.489,94.68,267.074,331.25,203.313,-3.9,-4.811
Paraguay,2022,6743.247,6780.744,3402.132,3378.612,16.765,100.696,25.898,87.489,12.891,74.994,1.106,62.672,137.96,20.516,20.328,2.444,1.156,27.923,105,50.471,28.468,22.003,7.437,70.475,67.645,73.571,57.039,54.312,60.017,14.226,12.839,15.638,6.451,5.753,7.049,2.258,16.358,135.965,2.692,19.492,59.798,74.522,44.374,203.365,250.498,154.427,83.208,106.423,58.974,185.225,231.526,137.421,-12.499,-1.842
Peru,2022,33911.712,34049.588,16857.086,17192.503,26.599,98.049,28.446,336.401,9.871,275.753,0.81,85.574,592.156,81.305,17.376,2.164,1.033,28.298,104.1,255.755,137.326,118.429,7.505,73.385,71.332,75.495,59.513,57.495,61.581,15.985,14.988,16.938,6.654,6.211,7.032,5.75,9.705,587.155,7.176,12.113,50.338,61.547,39.288,169.303,200.772,137.299,74.155,92.336,56.082,156.026,187.203,124.403,-60.652,-1.78
Suriname,2022,615.644,618.04,307.625,310.416,3.962,99.101,28.05,5.781,9.346,4.793,0.776,89.323,11.123,1.499,17.983,2.322,1.105,27.872,104,5.342,2.952,2.391,8.637,70.289,67.189,73.577,56.719,53.715,59.893,14.522,12.543,16.251,6.959,5.811,7.76,0.179,16.117,10.965,0.201,18.044,59.415,70.272,48.05,218.103,264.632,168.199,90.055,110.342,68.651,201.836,247.547,152.987,-1,-1.617
Uruguay,2022,3422.617,3422.794,1658.372,1764.421,19.763,93.99,35.449,1.848,0.54,0.353,0.01,...,35.668,4.145,10.419,1.483,0.711,28.359,105.6,33.82,16.841,16.979,9.879,78,74.147,81.685,63.654,59.83,67.298,18.787,15.966,21.082,9.694,7.663,10.858,0.206,5.774,35.49,0.249,6.933,35.843,47.948,23.173,116.173,148.864,82.893,51.206,67.848,34.027,108.524,140.742,75.814,-1.5,-0.438
Venezuela (Bolivarian Republic of),2022,28047.658,28301.696,13996.791,14304.904,30.882,97.846,28.229,210.364,7.473,508.075,1.795,38.615,438.384,105.109,15.573,2.188,1.036,26.333,105.3,228.02,130.349,97.671,8.1,71.105,66.875,75.655,57.59,53.435,62.04,15.412,13.673,16.929,6.185,5.351,6.734,6.479,14.761,432.686,7.781,17.546,86.765,125.185,44.867,195.856,260.476,126.842,103.721,150.689,53.262,178.519,242.597,110.413,297.713,10.576
Bermuda,2022,64.236,64.184,30.929,33.255,1188.593,93.006,45.319,-0.107,-1.67,-0.104,-0.162,...,0.482,0.011,7.503,1.367,0.665,32.242,104,0.589,0.307,0.282,9.173,81.571,78.435,84.507,66.852,63.777,69.717,20.314,18.024,22.222,9.46,8.126,10.323,0.001,2.11,0.481,0.001,2.662,17.846,24.443,11.373,75.004,97.853,51.519,31.428,42.178,20.648,71.69,93.774,49.05,0,0
Canada,2022,38290.846,38454.327,19110.317,19344.011,4.229,98.792,40.381,78.376,2.044,326.962,0.85,81.547,376.188,6.648,9.814,1.466,0.706,31.184,105.4,297.812,152.829,144.982,7.77,82.847,80.868,84.797,68.286,66.322,70.218,21.437,20.072,22.686,10.283,9.364,11.008,1.481,3.936,374.917,1.726,4.584,20.308,25.534,14.798,66.699,81.397,51.657,28.624,36.686,20.314,61.63,76.109,46.829,248.586,6.485
Greenland,2022,56.367,56.466,29.651,26.816,0.138,110.572,34.171,0.29,5.147,0.198,0.351,...,0.796,0.061,14.092,1.958,0.932,27.998,105,0.506,0.323,0.183,8.945,72.582,70.117,75.95,58.543,56.181,61.803,15.117,13.659,17.131,6.899,6.14,7.555,0.007,8.589,0.79,0.008,10.361,50.295,59.38,40.675,173.1,206.538,133.069,76.638,91.085,60.139,161.699,194.039,122.899,-0.1,-1.77
Saint Pierre and Miquelon,2022,5.872,5.862,2.914,2.947,25.487,98.88,43.985,-0.027,-4.455,-0.02,-0.341,...,0.044,0.003,7.575,1.559,0.752,28.582,105.4,0.071,0.038,0.033,12.03,77.608,74.008,81.693,63.429,59.999,67.316,17.25,15.072,19.408,7.768,6.581,8.432,0,7.772,0.044,0,9.248,25.744,37.476,13.043,95.153,134.69,50.598,33.899,51.277,15.398,85.354,122.763,43.226,0,0
United States of America,2022,337499.479,338289.857,167498.138,170791.72,36.981,98.072,37.889,582.21,1.723,1580.756,0.467,...,3726.867,163.934,11.033,1.661,0.799,29.715,104.8,3144.657,1692.408,1452.249,9.31,78.203,75.479,81.015,63.747,61.053,66.525,19.539,18.07,20.889,9.712,8.865,10.377,18.768,5.035,3710.714,22.108,5.919,38.839,51.107,26.03,130.37,162.649,96.875,59.802,77.856,41.03,124.146,156.092,91.048,998.54,2.956
Australia,2022,26046.256,26177.413,12998.348,13179.066,3.407,98.629,37.238,122.307,4.684,262.315,1.002,69.176,300.246,5.737,11.5,1.599,0.771,31.29,105.6,177.939,92.357,85.582,6.816,83.579,81.708,85.453,68.914,67.065,70.764,21.752,20.527,22.925,10.15,9.409,10.776,0.844,2.812,299.523,1.019,3.384,16.409,21.146,11.565,60.203,75.013,45.409,26.437,34.307,18.484,56.321,70.853,41.836,139.991,5.362
New Zealand,2022,5163.684,5185.288,2570.321,2614.968,19.574,98.293,36.699,30.208,5.833,43.209,0.833,83.211,64.103,1.856,12.378,1.762,0.85,30.723,105.3,33.895,17.6,16.295,6.545,83.006,81.251,84.726,68.413,66.682,70.107,21.523,20.334,22.63,10.209,9.44,10.838,0.224,3.496,63.911,0.265,4.153,19.036,23.547,14.373,66.797,80.076,53.631,28.713,35.889,21.48,62.083,75.041,49.27,12.999,2.51
Fiji,2022,926.466,929.766,466.14,463.626,50.89,100.542,26.977,10.15,10.896,6.6,0.71,97.626,17.821,1.056,19.131,2.462,1.147,28.764,107.1,7.671,4.089,3.582,8.235,68.312,66.465,70.239,55.042,53.286,56.863,12.558,11.388,13.593,5.695,5.083,6.069,0.32,17.931,17.538,0.387,21.686,56.56,61.303,51.62,229.337,260.876,195.674,84.13,94.838,72.947,209.256,240.041,176.54,-3.557,-3.818
New Caledonia,2022,288.413,289.95,144.196,145.755,15.862,98.93,33.582,2.57,8.869,3.075,1.061,65.33,4.095,0.223,14.135,2.001,0.957,29.431,105.9,1.525,0.899,0.626,5.266,80.998,77.525,84.612,67.001,63.573,70.56,21.001,18.696,23.214,11.029,9.338,12.268,0.038,9.384,4.062,0.045,10.896,29.714,39.911,19.342,91.011,121.792,59.535,36.345,53.988,18.734,79.504,109.649,48.788,0.5,1.726
Papua New Guinea,2022,10048.412,10142.619,5232.314,4910.305,22.397,106.558,21.973,189.207,18.653,188.413,1.858,37.306,254.718,26.569,25.112,3.165,1.422,29.342,107.7,65.511,40.027,25.484,6.459,65.958,63.378,69.172,54.358,51.914,57.424,12.733,11.632,14.112,5.571,5.167,5.986,8.619,33.837,247.322,10.77,42.378,105.902,122.639,87.873,261.783,309.742,207.356,112.558,137.347,86.079,222.471,269.868,168.941,-0.8,-0.079
Solomon Islands,2022,716.218,724.273,369.899,354.373,25.152,104.381,19.373,17.717,24.434,16.109,2.224,31.167,21.262,2.102,29.322,3.925,1.826,29.016,107,3.545,1.988,1.556,4.888,70.742,69.294,72.358,57.44,56.155,58.873,13.805,13.115,14.535,5.759,5.52,6.012,0.331,15.567,20.96,0.392,18.531,61.278,67.827,54.373,183.005,204.969,158.866,75.927,83.691,67.995,162.604,182.723,140.567,-1.6,-2.206
Vanuatu,2022,322.875,326.74,164.308,162.433,26.804,101.155,19.543,7.73,23.656,7.731,2.366,29.296,9.466,0.971,28.968,3.697,1.717,28.64,107,1.736,1.018,0.718,5.312,70.492,68.316,73.067,57.417,55.352,59.868,13.916,12.823,15.36,6.084,5.652,6.575,0.178,18.829,9.308,0.215,22.795,64.041,73.653,54.495,188.76,222.715,155.211,77.825,91.394,63.906,165.913,198.814,133.745,0,0
Guam,2022,171.182,171.774,86.446,85.329,317.513,101.31,29.94,1.69,9.824,1.185,0.69,100.456,2.817,0.23,16.374,2.55,1.208,29.006,107,1.127,0.654,0.473,6.55,78.33,74.838,82.046,64.375,60.847,68.127,20.421,18.3,22.34,11.129,9.929,11.985,0.027,9.705,2.793,0.032,11.343,38.356,47.968,27.809,141.382,182.613,96.614,58.809,79.264,37.479,129.629,171.278,84.415,-0.5,-2.906
Kiribati,2022,130.077,131.232,63.943,67.289,180.76,95.027,22.034,2.699,20.541,2.309,1.76,39.383,3.512,0.231,26.723,3.271,1.472,29.6,107.1,0.813,0.405,0.407,6.182,67.661,65.731,69.386,56.459,54.849,57.804,13.626,12.726,14.198,5.751,5.397,5.908,0.131,37.427,3.4,0.165,46.994,99.186,109.779,88.387,228.375,257.387,200.453,90.859,101.473,81.117,183.808,209.479,159.951,-0.4,-3.043
Marshall Islands,2022,41.354,41.569,21.223,20.346,230.939,104.305,25.472,0.441,10.605,0.43,1.034,67.036,0.77,0.098,18.524,2.672,1.202,27.668,107,0.329,0.188,0.141,7.919,65.146,63.546,67.092,52.664,51.158,54.511,12.637,11.569,13.934,5.75,5.258,6.098,0.019,24.51,0.753,0.024,29.906,113.368,115.994,110.679,294.064,320.674,265.207,143.484,150.86,135.982,265.587,291.677,237.362,0,0
Micronesia (Fed. States of),2022,113.638,114.164,57.387,56.777,163.091,101.074,23.68,1.65,14.409,1.052,0.921,75.26,2.368,0.21,20.684,2.669,1.247,29.857,107,0.718,0.426,0.292,6.275,70.925,67.325,74.823,57.84,54.411,61.525,14.267,12.455,15.945,6.36,5.587,6.771,0.045,18.921,2.328,0.054,22.816,62.656,80.878,42.921,184.665,241.664,125.344,75.376,102.876,46.566,162.018,217.387,104.976,-0.6,-5.241
Nauru,2022,12.609,12.668,6.435,6.233,633.4,103.241,20.271,0.257,20.203,0.118,0.931,74.452,0.341,0.039,26.785,3.463,1.57,27.391,107.2,0.084,0.05,0.034,6.582,64.014,60.52,67.841,50.728,47.193,54.597,12.713,10.893,14.255,5.875,5.233,6.29,0.005,15.337,0.336,0.007,19.029,124.793,144.239,104.233,340.175,411.944,261.057,183.541,224.981,139.206,321.454,394.796,240.696,-0.14,-10.986
Northern Mariana Islands,2022,49.42,49.551,26.635,22.916,108.427,116.229,38.709,0.301,6.076,0.262,0.529,131.03,0.604,0.048,12.183,2.148,0.985,28.475,115.1,0.303,0.185,0.118,6.107,77.471,75.863,79.459,63.147,61.571,65.094,16.97,15.838,18.328,7.436,6.871,7.991,0.004,5.913,0.601,0.004,7.306,24.491,27.922,20.223,94.403,108.139,78.557,35.167,39.823,29.393,86.262,99.541,70.965,-0.05,-1.009
Palau,2022,18.051,18.055,9.376,8.679,39.249,108.025,35.785,0.028,1.512,0.007,0.039,...,0.27,0.026,14.934,2.373,1.078,28.55,107.7,0.242,0.144,0.099,13.422,65.362,62.2,69.314,51.898,48.737,55.857,13.245,11.392,15.005,6.264,5.438,6.68,0.004,14.629,0.267,0.005,17.243,111.084,125.991,93.534,315.93,375.86,241.236,167.559,199.091,127.543,298.997,359.714,223.343,-0.02,-1.107
American Samoa,2022,44.446,44.273,21.873,22.399,221.363,97.65,28.254,0.454,10.153,-0.347,-0.784,...,0.765,0.052,17.12,2.254,1.077,29.6,106,0.311,0.176,0.135,6.967,72.723,70.004,75.541,58.551,55.987,61.188,13.898,12.321,15.355,5.732,4.894,6.353,0.005,7.038,0.76,0.008,9.812,35.067,46.139,24.158,149.014,185.719,111.436,58.155,73.746,42.742,139.02,173.906,103.593,-0.81,-18.13
Cook Islands,2022,16.989,17.011,8.097,8.914,70.877,90.829,33.267,0.131,7.681,0.043,0.253,...,0.275,0.029,16.11,2.226,1.063,28.612,106,0.144,0.085,0.059,8.429,75.148,71.445,79.035,60.793,57.092,64.674,16.576,14.674,18.488,7.551,6.721,8.185,0.002,5.662,0.274,0.002,6.79,38.212,54.55,24.647,144.105,198.303,91.547,63.228,93.167,37.168,136.467,190.724,83.946,-0.1,-5.862
French Polynesia,2022,304.967,306.279,154.794,151.485,83.138,102.184,33.454,2.729,8.91,2.624,0.857,80.881,3.844,0.364,12.55,1.688,0.812,28.932,105.9,1.115,0.661,0.454,3.64,83.55,81.329,85.977,69.141,66.924,71.564,21.11,19.249,23.073,9.958,8.668,11.077,0.021,5.355,3.825,0.024,6.214,13.596,14.651,12.516,44.957,54.37,34.842,14.502,16.706,12.281,38.064,47.312,28.126,-0.1,-0.326
Niue,2022,1.931,1.934,0.907,1.026,7.437,88.358,35.936,0,0.226,0.005,0.259,...,0.027,0.001,14.007,2.415,1.118,30.438,107.1,0.027,0.012,0.014,13.781,71.189,69.451,72.868,58.18,56.607,59.672,14.371,13.183,15.331,6.311,5.718,6.572,0.001,19.441,0.027,0.001,23.488,60.909,66.917,56.243,178.754,197.088,159.429,70.382,75.611,66.667,155.094,171.447,137.961,0,0
Samoa,2022,220.728,222.382,113.375,109.007,78.58,104.007,20.639,4.808,21.547,3.308,1.488,46.582,6.024,0.458,26.997,3.875,1.812,29.35,107.6,1.216,0.685,0.531,5.45,72.598,70.146,75.333,59.142,56.787,61.763,14.885,13.441,16.324,6.567,5.885,7.002,0.091,15.076,5.944,0.108,17.991,50.563,60.038,40.747,160.007,191.932,124.525,62.983,76.674,48.685,141.627,172.458,107.452,-1.5,-6.722
Tokelau,2022,1.861,1.871,0.935,0.937,155.917,99.786,26.662,0.021,11.246,0.02,1.069,64.841,0.035,0.004,18.543,2.673,1.285,29.552,103,0.014,0.006,0.007,7.297,75.38,74.424,76.198,60.997,60.083,61.77,16.567,15.517,17.477,7.485,6.897,7.797,0,4.722,0.035,0,5.937,38.479,36.018,40.942,137.378,138.518,137.223,61.563,57.267,65.838,129.968,130.622,130.308,0,0
Tonga,2022,106.399,106.858,52.848,54.01,164.396,97.849,21.714,1.717,16.009,0.917,0.858,80.786,2.456,0.107,22.894,3.193,1.482,30.396,108.1,0.739,0.407,0.332,6.885,71.27,68.581,74.123,57.29,54.642,60.093,14.889,13.23,16.516,6.768,6.056,7.323,0.023,9.182,2.436,0.027,10.915,61.043,69.793,52.856,201.613,240.088,162.637,93.789,111.406,77.66,189.669,227.862,151.131,-0.8,-7.458
Tuvalu,2022,11.267,11.312,5.799,5.513,377.05,105.197,25.032,0.15,13.215,0.089,0.787,88.075,0.265,0.014,23.318,3.144,1.432,29.018,107,0.115,0.068,0.046,10.103,64.854,61.136,69.391,51.679,47.978,56.198,12.869,11.022,14.653,5.993,5.246,6.432,0.005,17.61,0.261,0.006,21.17,114.479,137.31,88.679,322.21,393.821,230.433,166.314,209.391,115.979,302.188,374.681,209.364,-0.06,-5.288
Wallis and Futuna Islands,2022,11.613,11.572,5.552,6.021,82.661,92.218,36.27,0.058,4.974,-0.081,-0.7,...,0.135,0.006,11.61,1.929,0.922,30.016,104.8,0.077,0.04,0.037,6.636,80.015,79.031,80.99,66.002,64.716,67.303,19.091,17.862,20.337,9.354,8.571,9.943,0.001,9.779,0.134,0.002,11.358,21.408,16.566,26.21,75.77,74.694,77.353,23.371,21.358,25.034,64.203,66.538,62.191,-0.136,-11.68
